-- phpMyAdmin SQL Dump
-- version 4.9.7deb1
-- https://www.phpmyadmin.net/
--
-- Host: localhost:3306
-- Generation Time: Mar 14, 2021 at 01:35 PM
-- Server version: 8.0.23
-- PHP Version: 7.4.9

SET SQL_MODE = "NO_AUTO_VALUE_ON_ZERO";
SET AUTOCOMMIT = 0;
START TRANSACTION;
SET time_zone = "+00:00";


/*!40101 SET @OLD_CHARACTER_SET_CLIENT=@@CHARACTER_SET_CLIENT */;
/*!40101 SET @OLD_CHARACTER_SET_RESULTS=@@CHARACTER_SET_RESULTS */;
/*!40101 SET @OLD_COLLATION_CONNECTION=@@COLLATION_CONNECTION */;
/*!40101 SET NAMES utf8mb4 */;

--
-- Database: `evcharge`
--

-- --------------------------------------------------------

--
-- Table structure for table `ac_charger`
--

CREATE TABLE `ac_charger` (
  `id` bigint NOT NULL,
  `max_power` float NOT NULL,
  `ports` tinyblob,
  `eleven` float NOT NULL,
  `fortythree` float NOT NULL,
  `seven_point_four` float NOT NULL,
  `sixteen` float NOT NULL,
  `three_point_seven` float NOT NULL,
  `twentytwo` float NOT NULL,
  `two_point_three` float NOT NULL,
  `two_point_zero` float NOT NULL,
  `usable_phases` int NOT NULL
) ENGINE=InnoDB DEFAULT CHARSET=utf8mb4 COLLATE=utf8mb4_0900_ai_ci;

--
-- Dumping data for table `ac_charger`
--

INSERT INTO `ac_charger` (`id`, `max_power`, `ports`, `eleven`, `fortythree`, `seven_point_four`, `sixteen`, `three_point_seven`, `twentytwo`, `two_point_three`, `two_point_zero`, `usable_phases`) VALUES
(10, 11, 0xaced0005757200135b4c6a6176612e6c616e672e537472696e673badd256e7e91d7b470200007870000000017400057479706532, 11, 11, 7.4, 11, 3.7, 11, 2.3, 2, 3),
(18, 22, 0xaced0005757200135b4c6a6176612e6c616e672e537472696e673badd256e7e91d7b470200007870000000017400057479706532, 11.1, 22, 7.4, 16.2, 3.7, 22, 2.3, 2, 3),
(23, 11, 0xaced0005757200135b4c6a6176612e6c616e672e537472696e673badd256e7e91d7b470200007870000000017400057479706532, 11, 11, 7.4, 11, 3.7, 11, 2.3, 2, 3),
(28, 22, 0xaced0005757200135b4c6a6176612e6c616e672e537472696e673badd256e7e91d7b470200007870000000017400057479706532, 11.1, 22, 7.4, 16.2, 3.7, 22, 2.3, 2, 3),
(29, 3.7, 0xaced0005757200135b4c6a6176612e6c616e672e537472696e673badd256e7e91d7b470200007870000000017400057479706532, 3.7, 3.7, 3.7, 3.7, 3.7, 3.7, 2.3, 2, 1),
(36, 7.4, 0xaced0005757200135b4c6a6176612e6c616e672e537472696e673badd256e7e91d7b470200007870000000017400057479706532, 3.7, 7.4, 7.4, 5.4, 3.7, 7.4, 2.3, 2, 1),
(42, 11, 0xaced0005757200135b4c6a6176612e6c616e672e537472696e673badd256e7e91d7b470200007870000000017400057479706532, 11, 11, 7.4, 11, 3.7, 11, 2.3, 2, 3),
(47, 11, 0xaced0005757200135b4c6a6176612e6c616e672e537472696e673badd256e7e91d7b470200007870000000017400057479706532, 11, 11, 7.4, 11, 3.7, 11, 2.3, 2, 3),
(48, 3.7, 0xaced0005757200135b4c6a6176612e6c616e672e537472696e673badd256e7e91d7b470200007870000000017400057479706532, 3.7, 3.7, 3.7, 3.7, 3.7, 3.7, 2.3, 2, 1),
(53, 3.6, 0xaced0005757200135b4c6a6176612e6c616e672e537472696e673badd256e7e91d7b470200007870000000017400057479706531, 3.6, 3.6, 3.6, 3.6, 3.6, 3.6, 2.3, 2, 1),
(54, 6.6, 0xaced0005757200135b4c6a6176612e6c616e672e537472696e673badd256e7e91d7b470200007870000000017400057479706531, 3.7, 6.6, 6.6, 5.4, 3.7, 6.6, 2.3, 2, 1),
(59, 11, 0xaced0005757200135b4c6a6176612e6c616e672e537472696e673badd256e7e91d7b470200007870000000017400057479706532, 11, 11, 7.4, 11, 3.7, 11, 2.3, 2, 3),
(64, 6.6, 0xaced0005757200135b4c6a6176612e6c616e672e537472696e673badd256e7e91d7b470200007870000000017400057479706532, 3.7, 6.6, 6.6, 5.4, 3.7, 6.6, 2.3, 2, 1),
(65, 6.6, 0xaced0005757200135b4c6a6176612e6c616e672e537472696e673badd256e7e91d7b470200007870000000017400057479706532, 3.7, 6.6, 6.6, 5.4, 3.7, 6.6, 2.3, 2, 1),
(70, 7.2, 0xaced0005757200135b4c6a6176612e6c616e672e537472696e673badd256e7e91d7b470200007870000000017400057479706532, 3.7, 7.2, 7.2, 5.4, 3.7, 7.2, 2.3, 2, 1),
(75, 11, 0xaced0005757200135b4c6a6176612e6c616e672e537472696e673badd256e7e91d7b470200007870000000017400057479706532, 11, 11, 7.4, 11, 3.7, 11, 2.3, 2, 3),
(82, 6.6, 0xaced0005757200135b4c6a6176612e6c616e672e537472696e673badd256e7e91d7b470200007870000000017400057479706532, 3.7, 6.6, 6.6, 5.4, 3.7, 6.6, 2.3, 2, 1),
(87, 7.2, 0xaced0005757200135b4c6a6176612e6c616e672e537472696e673badd256e7e91d7b470200007870000000017400057479706532, 3.7, 7.2, 7.2, 5.4, 3.7, 7.2, 2.3, 2, 1),
(88, 3.7, 0xaced0005757200135b4c6a6176612e6c616e672e537472696e673badd256e7e91d7b470200007870000000017400057479706532, 3.7, 3.7, 3.7, 3.7, 3.7, 3.7, 2.3, 2, 1),
(101, 7.2, 0xaced0005757200135b4c6a6176612e6c616e672e537472696e673badd256e7e91d7b470200007870000000017400057479706532, 3.7, 7.2, 7.2, 5.4, 3.7, 7.2, 2.3, 2, 1),
(114, 11, 0xaced0005757200135b4c6a6176612e6c616e672e537472696e673badd256e7e91d7b470200007870000000017400057479706532, 11, 11, 7.4, 11, 3.7, 11, 2.3, 2, 3),
(121, 7.4, 0xaced0005757200135b4c6a6176612e6c616e672e537472696e673badd256e7e91d7b470200007870000000017400057479706532, 3.7, 7.4, 7.4, 5.4, 3.7, 7.4, 2.3, 2, 1),
(126, 7.2, 0xaced0005757200135b4c6a6176612e6c616e672e537472696e673badd256e7e91d7b470200007870000000017400057479706532, 3.7, 7.2, 7.2, 5.4, 3.7, 7.2, 2.3, 2, 1),
(131, 6.6, 0xaced0005757200135b4c6a6176612e6c616e672e537472696e673badd256e7e91d7b470200007870000000017400057479706532, 3.7, 6.6, 6.6, 5.4, 3.7, 6.6, 2.3, 2, 1),
(136, 6.6, 0xaced0005757200135b4c6a6176612e6c616e672e537472696e673badd256e7e91d7b470200007870000000017400057479706532, 3.7, 6.6, 6.6, 5.4, 3.7, 6.6, 2.3, 2, 1),
(141, 7.2, 0xaced0005757200135b4c6a6176612e6c616e672e537472696e673badd256e7e91d7b470200007870000000017400057479706532, 3.7, 7.2, 7.2, 5.4, 3.7, 7.2, 2.3, 2, 1),
(154, 7.2, 0xaced0005757200135b4c6a6176612e6c616e672e537472696e673badd256e7e91d7b470200007870000000017400057479706532, 3.7, 7.2, 7.2, 5.4, 3.7, 7.2, 2.3, 2, 1),
(167, 11, 0xaced0005757200135b4c6a6176612e6c616e672e537472696e673badd256e7e91d7b470200007870000000017400057479706532, 11, 11, 7.4, 11, 3.7, 11, 2.3, 2, 3),
(180, 7.2, 0xaced0005757200135b4c6a6176612e6c616e672e537472696e673badd256e7e91d7b470200007870000000017400057479706532, 3.7, 7.2, 7.2, 5.4, 3.7, 7.2, 2.3, 2, 1),
(185, 11, 0xaced0005757200135b4c6a6176612e6c616e672e537472696e673badd256e7e91d7b470200007870000000017400057479706532, 11, 11, 7.4, 11, 3.7, 11, 2.3, 2, 3),
(192, 7.4, 0xaced0005757200135b4c6a6176612e6c616e672e537472696e673badd256e7e91d7b470200007870000000017400057479706532, 7.4, 7.4, 7.4, 7.4, 3.7, 7.4, 2.3, 2, 2),
(193, 11, 0xaced0005757200135b4c6a6176612e6c616e672e537472696e673badd256e7e91d7b470200007870000000017400057479706532, 11, 11, 7.4, 11, 3.7, 11, 2.3, 2, 3),
(198, 3.6, 0xaced0005757200135b4c6a6176612e6c616e672e537472696e673badd256e7e91d7b470200007870000000017400057479706531, 3.6, 3.6, 3.6, 3.6, 3.6, 3.6, 2.3, 2, 1),
(203, 3.7, 0xaced0005757200135b4c6a6176612e6c616e672e537472696e673badd256e7e91d7b470200007870000000017400057479706531, 3.7, 3.7, 3.7, 3.7, 3.7, 3.7, 2.3, 2, 1),
(208, 3.6, 0xaced0005757200135b4c6a6176612e6c616e672e537472696e673badd256e7e91d7b470200007870000000017400057479706531, 3.6, 3.6, 3.6, 3.6, 3.6, 3.6, 2.3, 2, 1),
(213, 6.6, 0xaced0005757200135b4c6a6176612e6c616e672e537472696e673badd256e7e91d7b470200007870000000017400057479706531, 3.7, 6.6, 6.6, 5.4, 3.7, 6.6, 2.3, 2, 1),
(218, 6.6, 0xaced0005757200135b4c6a6176612e6c616e672e537472696e673badd256e7e91d7b470200007870000000017400057479706531, 3.7, 6.6, 6.6, 5.4, 3.7, 6.6, 2.3, 2, 1),
(223, 3.6, 0xaced0005757200135b4c6a6176612e6c616e672e537472696e673badd256e7e91d7b470200007870000000017400057479706531, 3.6, 3.6, 3.6, 3.6, 3.6, 3.6, 2.3, 2, 1),
(228, 6.6, 0xaced0005757200135b4c6a6176612e6c616e672e537472696e673badd256e7e91d7b470200007870000000017400057479706531, 3.7, 6.6, 6.6, 5.4, 3.7, 6.6, 2.3, 2, 1),
(234, 3.6, 0xaced0005757200135b4c6a6176612e6c616e672e537472696e673badd256e7e91d7b470200007870000000017400057479706531, 3.6, 3.6, 3.6, 3.6, 3.6, 3.6, 2.3, 2, 1),
(240, 6.6, 0xaced0005757200135b4c6a6176612e6c616e672e537472696e673badd256e7e91d7b470200007870000000017400057479706531, 3.7, 6.6, 6.6, 5.4, 3.7, 6.6, 2.3, 2, 1),
(246, 6.6, 0xaced0005757200135b4c6a6176612e6c616e672e537472696e673badd256e7e91d7b470200007870000000017400057479706532, 3.7, 6.6, 6.6, 5.4, 3.7, 6.6, 2.3, 2, 1),
(251, 6.6, 0xaced0005757200135b4c6a6176612e6c616e672e537472696e673badd256e7e91d7b470200007870000000017400057479706532, 3.7, 6.6, 6.6, 5.4, 3.7, 6.6, 2.3, 2, 1),
(256, 7.2, 0xaced0005757200135b4c6a6176612e6c616e672e537472696e673badd256e7e91d7b470200007870000000017400057479706532, 3.7, 7.2, 7.2, 5.4, 3.7, 7.2, 2.3, 2, 1),
(257, 2.2, 0xaced0005757200135b4c6a6176612e6c616e672e537472696e673badd256e7e91d7b470200007870000000017400057479706531, 2.2, 2.2, 2.2, 2.2, 2.2, 2.2, 2.2, 2, 1),
(262, 3.6, 0xaced0005757200135b4c6a6176612e6c616e672e537472696e673badd256e7e91d7b470200007870000000017400057479706531, 3.6, 3.6, 3.6, 3.6, 3.6, 3.6, 2.3, 2, 1),
(263, 43, 0xaced0005757200135b4c6a6176612e6c616e672e537472696e673badd256e7e91d7b470200007870000000017400057479706532, 11.1, 43, 7.4, 16.2, 3.7, 22.2, 2.3, 2, 3),
(264, 22, 0xaced0005757200135b4c6a6176612e6c616e672e537472696e673badd256e7e91d7b470200007870000000017400057479706532, 11.1, 22, 7.4, 16.2, 3.7, 22, 2.3, 2, 3),
(265, 22, 0xaced0005757200135b4c6a6176612e6c616e672e537472696e673badd256e7e91d7b470200007870000000017400057479706532, 11.1, 22, 7.4, 16.2, 3.7, 22, 2.3, 2, 3),
(266, 30, 0xaced0005757200135b4c6a6176612e6c616e672e537472696e673badd256e7e91d7b470200007870000000017400057479706532, 11.1, 30, 7.4, 16.2, 3.7, 22.2, 2.3, 2, 3),
(271, 22, 0xaced0005757200135b4c6a6176612e6c616e672e537472696e673badd256e7e91d7b470200007870000000017400057479706532, 11.1, 22, 7.4, 16.2, 3.7, 22, 2.3, 2, 3),
(277, 22, 0xaced0005757200135b4c6a6176612e6c616e672e537472696e673badd256e7e91d7b470200007870000000017400057479706532, 11.1, 22, 7.4, 16.2, 3.7, 22, 2.3, 2, 3),
(278, 7.2, 0xaced0005757200135b4c6a6176612e6c616e672e537472696e673badd256e7e91d7b470200007870000000017400057479706532, 3.7, 7.2, 7.2, 5.4, 3.7, 7.2, 2.3, 2, 1),
(279, 3.6, 0xaced0005757200135b4c6a6176612e6c616e672e537472696e673badd256e7e91d7b470200007870000000017400057479706532, 3.6, 3.6, 3.6, 3.6, 3.6, 3.6, 2.3, 2, 1),
(280, 3.6, 0xaced0005757200135b4c6a6176612e6c616e672e537472696e673badd256e7e91d7b470200007870000000017400057479706532, 3.6, 3.6, 3.6, 3.6, 3.6, 3.6, 2.3, 2, 1),
(281, 22, 0xaced0005757200135b4c6a6176612e6c616e672e537472696e673badd256e7e91d7b470200007870000000017400057479706532, 11.1, 22, 7.4, 16.2, 3.7, 22, 2.3, 2, 3),
(282, 3.6, 0xaced0005757200135b4c6a6176612e6c616e672e537472696e673badd256e7e91d7b470200007870000000017400057479706532, 3.6, 3.6, 3.6, 3.6, 3.6, 3.6, 2.3, 2, 1),
(283, 22, 0xaced0005757200135b4c6a6176612e6c616e672e537472696e673badd256e7e91d7b470200007870000000017400057479706532, 11.1, 22, 7.4, 16.2, 3.7, 22, 2.3, 2, 3),
(284, 3.6, 0xaced0005757200135b4c6a6176612e6c616e672e537472696e673badd256e7e91d7b470200007870000000017400057479706532, 3.6, 3.6, 3.6, 3.6, 3.6, 3.6, 2.3, 2, 1),
(285, 22, 0xaced0005757200135b4c6a6176612e6c616e672e537472696e673badd256e7e91d7b470200007870000000017400057479706532, 11.1, 22, 7.4, 16.2, 3.7, 22, 2.3, 2, 3),
(291, 11, 0xaced0005757200135b4c6a6176612e6c616e672e537472696e673badd256e7e91d7b470200007870000000017400057479706532, 11, 11, 7.4, 11, 3.7, 11, 2.3, 2, 3),
(297, 11, 0xaced0005757200135b4c6a6176612e6c616e672e537472696e673badd256e7e91d7b470200007870000000017400057479706532, 11, 11, 7.4, 11, 3.7, 11, 2.3, 2, 3),
(303, 11, 0xaced0005757200135b4c6a6176612e6c616e672e537472696e673badd256e7e91d7b470200007870000000017400057479706532, 11, 11, 7.4, 11, 3.7, 11, 2.3, 2, 3),
(308, 11, 0xaced0005757200135b4c6a6176612e6c616e672e537472696e673badd256e7e91d7b470200007870000000017400057479706532, 11, 11, 7.4, 11, 3.7, 11, 2.3, 2, 3),
(313, 22, 0xaced0005757200135b4c6a6176612e6c616e672e537472696e673badd256e7e91d7b470200007870000000017400057479706532, 11.1, 22, 7.4, 16.2, 3.7, 22, 2.3, 2, 3),
(318, 16.5, 0xaced0005757200135b4c6a6176612e6c616e672e537472696e673badd256e7e91d7b470200007870000000017400057479706532, 11.1, 16.5, 7.4, 16.2, 3.7, 16.5, 2.3, 2, 3),
(324, 11, 0xaced0005757200135b4c6a6176612e6c616e672e537472696e673badd256e7e91d7b470200007870000000017400057479706532, 11, 11, 7.4, 11, 3.7, 11, 2.3, 2, 3),
(330, 16.5, 0xaced0005757200135b4c6a6176612e6c616e672e537472696e673badd256e7e91d7b470200007870000000017400057479706532, 11.1, 16.5, 7.4, 16.2, 3.7, 16.5, 2.3, 2, 3),
(336, 16.5, 0xaced0005757200135b4c6a6176612e6c616e672e537472696e673badd256e7e91d7b470200007870000000017400057479706532, 11.1, 16.5, 7.4, 16.2, 3.7, 16.5, 2.3, 2, 3),
(342, 11, 0xaced0005757200135b4c6a6176612e6c616e672e537472696e673badd256e7e91d7b470200007870000000017400057479706532, 11, 11, 7.4, 11, 3.7, 11, 2.3, 2, 3),
(348, 16.5, 0xaced0005757200135b4c6a6176612e6c616e672e537472696e673badd256e7e91d7b470200007870000000017400057479706532, 11.1, 16.5, 7.4, 16.2, 3.7, 16.5, 2.3, 2, 3),
(354, 11, 0xaced0005757200135b4c6a6176612e6c616e672e537472696e673badd256e7e91d7b470200007870000000017400057479706532, 11, 11, 7.4, 11, 3.7, 11, 2.3, 2, 3),
(360, 16.5, 0xaced0005757200135b4c6a6176612e6c616e672e537472696e673badd256e7e91d7b470200007870000000017400057479706532, 11.1, 16.5, 7.4, 16.2, 3.7, 16.5, 2.3, 2, 3),
(366, 16.5, 0xaced0005757200135b4c6a6176612e6c616e672e537472696e673badd256e7e91d7b470200007870000000017400057479706532, 11.1, 16.5, 7.4, 16.2, 3.7, 16.5, 2.3, 2, 3),
(372, 16.5, 0xaced0005757200135b4c6a6176612e6c616e672e537472696e673badd256e7e91d7b470200007870000000017400057479706532, 11.1, 16.5, 7.4, 16.2, 3.7, 16.5, 2.3, 2, 3),
(378, 16.5, 0xaced0005757200135b4c6a6176612e6c616e672e537472696e673badd256e7e91d7b470200007870000000017400057479706532, 11.1, 16.5, 7.4, 16.2, 3.7, 16.5, 2.3, 2, 3),
(384, 16.5, 0xaced0005757200135b4c6a6176612e6c616e672e537472696e673badd256e7e91d7b470200007870000000017400057479706532, 11.1, 16.5, 7.4, 16.2, 3.7, 16.5, 2.3, 2, 3),
(390, 11, 0xaced0005757200135b4c6a6176612e6c616e672e537472696e673badd256e7e91d7b470200007870000000017400057479706532, 11, 11, 7.4, 11, 3.7, 11, 2.3, 2, 3),
(397, 3.6, 0xaced0005757200135b4c6a6176612e6c616e672e537472696e673badd256e7e91d7b470200007870000000017400057479706532, 3.6, 3.6, 3.6, 3.6, 3.6, 3.6, 2.3, 2, 1),
(403, 7.2, 0xaced0005757200135b4c6a6176612e6c616e672e537472696e673badd256e7e91d7b470200007870000000017400057479706532, 7.2, 7.2, 7.2, 7.2, 3.7, 7.2, 2.3, 2, 2),
(410, 3.6, 0xaced0005757200135b4c6a6176612e6c616e672e537472696e673badd256e7e91d7b470200007870000000017400057479706532, 3.6, 3.6, 3.6, 3.6, 3.6, 3.6, 2.3, 2, 1),
(411, 3.6, 0xaced0005757200135b4c6a6176612e6c616e672e537472696e673badd256e7e91d7b470200007870000000017400057479706532, 3.6, 3.6, 3.6, 3.6, 3.6, 3.6, 2.3, 2, 1),
(412, 7.2, 0xaced0005757200135b4c6a6176612e6c616e672e537472696e673badd256e7e91d7b470200007870000000017400057479706532, 7.2, 7.2, 7.2, 7.2, 3.7, 7.2, 2.3, 2, 2),
(413, 3.6, 0xaced0005757200135b4c6a6176612e6c616e672e537472696e673badd256e7e91d7b470200007870000000017400057479706532, 3.6, 3.6, 3.6, 3.6, 3.6, 3.6, 2.3, 2, 1),
(414, 7.2, 0xaced0005757200135b4c6a6176612e6c616e672e537472696e673badd256e7e91d7b470200007870000000017400057479706532, 7.2, 7.2, 7.2, 7.2, 3.7, 7.2, 2.3, 2, 2),
(420, 7.2, 0xaced0005757200135b4c6a6176612e6c616e672e537472696e673badd256e7e91d7b470200007870000000017400057479706532, 7.2, 7.2, 7.2, 7.2, 3.7, 7.2, 2.3, 2, 2),
(425, 7.2, 0xaced0005757200135b4c6a6176612e6c616e672e537472696e673badd256e7e91d7b470200007870000000017400057479706532, 7.2, 7.2, 7.2, 7.2, 3.7, 7.2, 2.3, 2, 2),
(430, 11, 0xaced0005757200135b4c6a6176612e6c616e672e537472696e673badd256e7e91d7b470200007870000000017400057479706532, 11, 11, 7.4, 11, 3.7, 11, 2.3, 2, 3),
(435, 11, 0xaced0005757200135b4c6a6176612e6c616e672e537472696e673badd256e7e91d7b470200007870000000017400057479706532, 11, 11, 7.4, 11, 3.7, 11, 2.3, 2, 3),
(436, 3.7, 0xaced0005757200135b4c6a6176612e6c616e672e537472696e673badd256e7e91d7b470200007870000000017400057479706532, 3.7, 3.7, 3.7, 3.7, 3.7, 3.7, 2.3, 2, 1),
(437, 3.7, 0xaced0005757200135b4c6a6176612e6c616e672e537472696e673badd256e7e91d7b470200007870000000017400057479706532, 3.7, 3.7, 3.7, 3.7, 3.7, 3.7, 2.3, 2, 1),
(449, 7.4, 0xaced0005757200135b4c6a6176612e6c616e672e537472696e673badd256e7e91d7b470200007870000000017400057479706532, 3.7, 7.4, 7.4, 5.4, 3.7, 7.4, 2.3, 2, 1),
(461, 11, 0xaced0005757200135b4c6a6176612e6c616e672e537472696e673badd256e7e91d7b470200007870000000017400057479706532, 11, 11, 7.4, 11, 3.7, 11, 2.3, 2, 3),
(473, 7.4, 0xaced0005757200135b4c6a6176612e6c616e672e537472696e673badd256e7e91d7b470200007870000000017400057479706532, 3.7, 7.4, 7.4, 5.4, 3.7, 7.4, 2.3, 2, 1),
(481, 11, 0xaced0005757200135b4c6a6176612e6c616e672e537472696e673badd256e7e91d7b470200007870000000017400057479706532, 11, 11, 7.4, 11, 3.7, 11, 2.3, 2, 3),
(483, 3.2, 0xaced0005757200135b4c6a6176612e6c616e672e537472696e673badd256e7e91d7b470200007870000000017400057479706531, 3.2, 3.2, 3.2, 3.2, 3.2, 3.2, 2.3, 2, 1),
(508, 7.4, 0xaced0005757200135b4c6a6176612e6c616e672e537472696e673badd256e7e91d7b470200007870000000017400057479706532, 3.7, 7.4, 7.4, 5.4, 3.7, 7.4, 2.3, 2, 1),
(533, 11, 0xaced0005757200135b4c6a6176612e6c616e672e537472696e673badd256e7e91d7b470200007870000000017400057479706532, 11, 11, 7.4, 11, 3.7, 11, 2.3, 2, 3),
(536, 3.2, 0xaced0005757200135b4c6a6176612e6c616e672e537472696e673badd256e7e91d7b470200007870000000017400057479706531, 3.2, 3.2, 3.2, 3.2, 3.2, 3.2, 2.3, 2, 1),
(539, 3.6, 0xaced0005757200135b4c6a6176612e6c616e672e537472696e673badd256e7e91d7b470200007870000000017400057479706532, 3.6, 3.6, 3.6, 3.6, 3.6, 3.6, 2.3, 2, 1),
(550, 11, 0xaced0005757200135b4c6a6176612e6c616e672e537472696e673badd256e7e91d7b470200007870000000017400057479706532, 11, 11, 7.4, 11, 3.7, 11, 2.3, 2, 3),
(561, 6.6, 0xaced0005757200135b4c6a6176612e6c616e672e537472696e673badd256e7e91d7b470200007870000000017400057479706532, 3.7, 6.6, 6.6, 5.4, 3.7, 6.6, 2.3, 2, 1),
(573, 11, 0xaced0005757200135b4c6a6176612e6c616e672e537472696e673badd256e7e91d7b470200007870000000017400057479706532, 11, 11, 7.4, 11, 3.7, 11, 2.3, 2, 3),
(584, 11, 0xaced0005757200135b4c6a6176612e6c616e672e537472696e673badd256e7e91d7b470200007870000000017400057479706532, 11, 11, 7.4, 11, 3.7, 11, 2.3, 2, 3),
(595, 11, 0xaced0005757200135b4c6a6176612e6c616e672e537472696e673badd256e7e91d7b470200007870000000017400057479706532, 11, 11, 7.4, 11, 3.7, 11, 2.3, 2, 3),
(606, 11, 0xaced0005757200135b4c6a6176612e6c616e672e537472696e673badd256e7e91d7b470200007870000000017400057479706532, 11, 11, 7.4, 11, 3.7, 11, 2.3, 2, 3),
(617, 6.6, 0xaced0005757200135b4c6a6176612e6c616e672e537472696e673badd256e7e91d7b470200007870000000017400057479706532, 3.7, 6.6, 6.6, 5.4, 3.7, 6.6, 2.3, 2, 1),
(628, 6.6, 0xaced0005757200135b4c6a6176612e6c616e672e537472696e673badd256e7e91d7b470200007870000000017400057479706532, 6.6, 6.6, 6.6, 6.6, 3.7, 6.6, 2.3, 2, 2),
(639, 11, 0xaced0005757200135b4c6a6176612e6c616e672e537472696e673badd256e7e91d7b470200007870000000017400057479706532, 11, 11, 7.4, 11, 3.7, 11, 2.3, 2, 3),
(652, 7.2, 0xaced0005757200135b4c6a6176612e6c616e672e537472696e673badd256e7e91d7b470200007870000000017400057479706532, 7.2, 7.2, 7.2, 7.2, 3.7, 7.2, 2.3, 2, 2),
(665, 7.2, 0xaced0005757200135b4c6a6176612e6c616e672e537472696e673badd256e7e91d7b470200007870000000017400057479706532, 7.2, 7.2, 7.2, 7.2, 3.7, 7.2, 2.3, 2, 2),
(676, 7.4, 0xaced0005757200135b4c6a6176612e6c616e672e537472696e673badd256e7e91d7b470200007870000000017400057479706532, 3.7, 7.4, 7.4, 5.4, 3.7, 7.4, 2.3, 2, 1),
(687, 11, 0xaced0005757200135b4c6a6176612e6c616e672e537472696e673badd256e7e91d7b470200007870000000017400057479706532, 11, 11, 7.4, 11, 3.7, 11, 2.3, 2, 3),
(698, 6.6, 0xaced0005757200135b4c6a6176612e6c616e672e537472696e673badd256e7e91d7b470200007870000000017400057479706532, 3.7, 6.6, 6.6, 5.4, 3.7, 6.6, 2.3, 2, 1),
(701, 4, 0xaced0005757200135b4c6a6176612e6c616e672e537472696e673badd256e7e91d7b470200007870000000017400057479706532, 3.7, 4, 4, 4, 3.7, 4, 2.3, 2, 1),
(703, 4, 0xaced0005757200135b4c6a6176612e6c616e672e537472696e673badd256e7e91d7b470200007870000000017400057479706532, 3.7, 4, 4, 4, 3.7, 4, 2.3, 2, 1),
(706, 3.6, 0xaced0005757200135b4c6a6176612e6c616e672e537472696e673badd256e7e91d7b470200007870000000017400057479706532, 3.6, 3.6, 3.6, 3.6, 3.6, 3.6, 2.3, 2, 1),
(708, 3.6, 0xaced0005757200135b4c6a6176612e6c616e672e537472696e673badd256e7e91d7b470200007870000000017400057479706532, 3.6, 3.6, 3.6, 3.6, 3.6, 3.6, 2.3, 2, 1),
(711, 3.6, 0xaced0005757200135b4c6a6176612e6c616e672e537472696e673badd256e7e91d7b470200007870000000017400057479706532, 3.6, 3.6, 3.6, 3.6, 3.6, 3.6, 2.3, 2, 1),
(714, 3.7, 0xaced0005757200135b4c6a6176612e6c616e672e537472696e673badd256e7e91d7b470200007870000000017400057479706532, 3.7, 3.7, 3.7, 3.7, 3.7, 3.7, 2.3, 2, 1),
(717, 3.7, 0xaced0005757200135b4c6a6176612e6c616e672e537472696e673badd256e7e91d7b470200007870000000017400057479706532, 3.7, 3.7, 3.7, 3.7, 3.7, 3.7, 2.3, 2, 1),
(728, 6.6, 0xaced0005757200135b4c6a6176612e6c616e672e537472696e673badd256e7e91d7b470200007870000000017400057479706532, 3.7, 6.6, 6.6, 5.4, 3.7, 6.6, 2.3, 2, 1),
(743, 7.2, 0xaced0005757200135b4c6a6176612e6c616e672e537472696e673badd256e7e91d7b4702000078700000000274000574797065317400057479706532, 7.2, 7.2, 7.2, 7.2, 3.7, 7.2, 2.3, 2, 2),
(753, 3.3, 0xaced0005757200135b4c6a6176612e6c616e672e537472696e673badd256e7e91d7b470200007870000000017400057479706531, 3.3, 3.3, 3.3, 3.3, 3.3, 3.3, 2.3, 2, 1),
(763, 3.3, 0xaced0005757200135b4c6a6176612e6c616e672e537472696e673badd256e7e91d7b470200007870000000017400057479706531, 3.3, 3.3, 3.3, 3.3, 3.3, 3.3, 2.3, 2, 1),
(766, 3.7, 0xaced0005757200135b4c6a6176612e6c616e672e537472696e673badd256e7e91d7b470200007870000000017400057479706531, 3.7, 3.7, 3.7, 3.7, 3.7, 3.7, 2.3, 2, 1),
(769, 7.4, 0xaced0005757200135b4c6a6176612e6c616e672e537472696e673badd256e7e91d7b470200007870000000017400057479706531, 3.7, 7.4, 7.4, 5.4, 3.7, 7.4, 2.3, 2, 1),
(772, 3.7, 0xaced0005757200135b4c6a6176612e6c616e672e537472696e673badd256e7e91d7b470200007870000000017400057479706532, 3.7, 3.7, 3.7, 3.7, 3.7, 3.7, 2.3, 2, 1),
(775, 7.4, 0xaced0005757200135b4c6a6176612e6c616e672e537472696e673badd256e7e91d7b470200007870000000017400057479706532, 7.4, 7.4, 7.4, 7.4, 3.7, 7.4, 2.3, 2, 2),
(786, 7.4, 0xaced0005757200135b4c6a6176612e6c616e672e537472696e673badd256e7e91d7b470200007870000000017400057479706532, 7.4, 7.4, 7.4, 7.4, 3.7, 7.4, 2.3, 2, 2),
(789, 7.4, 0xaced0005757200135b4c6a6176612e6c616e672e537472696e673badd256e7e91d7b470200007870000000017400057479706532, 3.7, 7.4, 7.4, 5.4, 3.7, 7.4, 2.3, 2, 1),
(792, 3.3, 0xaced0005757200135b4c6a6176612e6c616e672e537472696e673badd256e7e91d7b470200007870000000017400057479706532, 3.3, 3.3, 3.3, 3.3, 3.3, 3.3, 2.3, 2, 1),
(795, 3.3, 0xaced0005757200135b4c6a6176612e6c616e672e537472696e673badd256e7e91d7b470200007870000000017400057479706532, 3.3, 3.3, 3.3, 3.3, 3.3, 3.3, 2.3, 2, 1),
(798, 3.3, 0xaced0005757200135b4c6a6176612e6c616e672e537472696e673badd256e7e91d7b470200007870000000017400057479706532, 3.3, 3.3, 3.3, 3.3, 3.3, 3.3, 2.3, 2, 1),
(801, 3, 0xaced0005757200135b4c6a6176612e6c616e672e537472696e673badd256e7e91d7b470200007870000000017400057479706532, 3, 3, 3, 3, 3, 3, 2.3, 2, 1),
(804, 7.4, 0xaced0005757200135b4c6a6176612e6c616e672e537472696e673badd256e7e91d7b470200007870000000017400057479706532, 3.7, 7.4, 7.4, 5.4, 3.7, 7.4, 2.3, 2, 1),
(807, 3.6, 0xaced0005757200135b4c6a6176612e6c616e672e537472696e673badd256e7e91d7b470200007870000000017400057479706532, 3.6, 3.6, 3.6, 3.6, 3.6, 3.6, 2.3, 2, 1),
(818, 7.2, 0xaced0005757200135b4c6a6176612e6c616e672e537472696e673badd256e7e91d7b470200007870000000017400057479706532, 7.2, 7.2, 7.2, 7.2, 3.7, 7.2, 2.3, 2, 2),
(829, 11, 0xaced0005757200135b4c6a6176612e6c616e672e537472696e673badd256e7e91d7b470200007870000000017400057479706532, 11, 11, 7.4, 11, 3.7, 11, 2.3, 2, 3),
(840, 11, 0xaced0005757200135b4c6a6176612e6c616e672e537472696e673badd256e7e91d7b470200007870000000017400057479706532, 11, 11, 7.4, 11, 3.7, 11, 2.3, 2, 3),
(851, 11, 0xaced0005757200135b4c6a6176612e6c616e672e537472696e673badd256e7e91d7b470200007870000000017400057479706532, 11, 11, 7.4, 11, 3.7, 11, 2.3, 2, 3),
(862, 11, 0xaced0005757200135b4c6a6176612e6c616e672e537472696e673badd256e7e91d7b470200007870000000017400057479706532, 11, 11, 7.4, 11, 3.7, 11, 2.3, 2, 3),
(873, 7.4, 0xaced0005757200135b4c6a6176612e6c616e672e537472696e673badd256e7e91d7b470200007870000000017400057479706532, 3.7, 7.4, 7.4, 5.4, 3.7, 7.4, 2.3, 2, 1);

-- --------------------------------------------------------

--
-- Table structure for table `address`
--

CREATE TABLE `address` (
  `id` bigint NOT NULL,
  `address` varchar(255) DEFAULT NULL,
  `country_iso_code` varchar(255) DEFAULT NULL,
  `country_continent_code` varchar(255) DEFAULT NULL,
  `country_name` varchar(255) DEFAULT NULL,
  `province` varchar(255) DEFAULT NULL,
  `town` varchar(255) DEFAULT NULL
) ENGINE=InnoDB DEFAULT CHARSET=utf8mb4 COLLATE=utf8mb4_0900_ai_ci;

--
-- Dumping data for table `address`
--

INSERT INTO `address` (`id`, `address`, `country_iso_code`, `country_continent_code`, `country_name`, `province`, `town`) VALUES
(478, '2244 Walnut Grove Ave', 'US', 'NA', 'United States', 'CA', 'Rosemead'),
(485, '1201 S Figueroa St', 'US', 'NA', 'United States', 'CA', 'Los Angeles'),
(493, '111 N Hope St', 'US', 'NA', 'United States', 'CA', 'Los Angeles'),
(501, '1303 10th St', 'US', 'NA', 'United States', 'CA', 'Sacramento'),
(509, '433 E Temple St', 'US', 'NA', 'United States', 'CA', 'Los Angeles'),
(516, '9530 Telstar Ave', 'US', 'NA', 'United States', 'CA', 'El Monte'),
(524, '45 De Lacey Ave', 'US', 'NA', 'United States', 'CA', 'Pasadena'),
(532, '33 E Green St', 'US', 'NA', 'United States', 'CA', 'Pasadena'),
(538, '150 S Los Robles', 'US', 'NA', 'United States', 'CA', 'Pasadena'),
(545, '700 N Haven Ave', 'US', 'NA', 'United States', 'CA', 'Ontario'),
(552, '600 E Esplanade Dr', 'US', 'NA', 'United States', 'CA', 'Oxnard'),
(560, '5425 Wilson St', 'US', 'NA', 'United States', 'CA', 'Riverside'),
(567, '3223 Donald Douglas Loop', 'US', 'NA', 'United States', 'CA', 'Santa Monica'),
(574, '200 Santa Monica Pier', 'US', 'NA', 'United States', 'CA', 'Santa Monica'),
(581, '333 Universal Terrace Pkwy', 'US', 'NA', 'United States', 'CA', 'Universal City'),
(588, '7724 Van Nuys Blvd', 'US', 'NA', 'United States', 'CA', 'Van Nuys'),
(596, '7075 Firestone Blvd', 'US', 'NA', 'United States', 'CA', 'Downey'),
(603, '44933 Fern Ave', 'US', 'NA', 'United States', 'CA', 'Lancaster'),
(610, '555 N Point St', 'US', 'NA', 'United States', 'CA', 'San Francisco'),
(618, '1689 Arden Way', 'US', 'NA', 'United States', 'CA', 'Sacramento'),
(625, '2 New Montgomery St', 'US', 'NA', 'United States', 'CA', 'San Francisco'),
(632, '999 California St', 'US', 'NA', 'United States', 'CA', 'San Francisco'),
(640, '8555 Beverly Blvd', 'US', 'NA', 'United States', 'CA', 'Los Angeles'),
(647, '16821 Burbank Blvd', 'US', 'NA', 'United States', 'CA', 'Encino'),
(654, '6464 Sunset Blvd', 'US', 'NA', 'United States', 'CA', 'Hollywood'),
(662, '18111 Nordhoff St', 'US', 'NA', 'United States', 'CA', 'Northridge'),
(669, '18111 Nordhoff St', 'US', 'NA', 'United States', 'CA', 'Northridge'),
(677, '1200 Getty Center Dr', 'US', 'NA', 'United States', 'CA', 'Los Angeles'),
(684, '301 N Baldwin Ave', 'US', 'NA', 'United States', 'CA', 'Arcadia'),
(691, '114 S Vista Bonita Ave', 'US', 'NA', 'United States', 'CA', 'Glendora'),
(699, '6161 Centinela Ave', 'US', 'NA', 'United States', 'CA', 'Culver City'),
(705, '8800 Venice Blvd', 'US', 'NA', 'United States', 'CA', 'Los Angeles'),
(712, '2800 N Main St', 'US', 'NA', 'United States', 'CA', 'Santa Ana'),
(718, '1 University Dr', 'US', 'NA', 'United States', 'CA', 'Camarillo'),
(725, '101 S Brea Blvd', 'US', 'NA', 'United States', 'CA', 'Brea'),
(732, '2745 Teller Rd', 'US', 'NA', 'United States', 'CA', 'Newbury Park'),
(740, 'Casitas Pass Rd & Baldwin Rd', 'US', 'NA', 'United States', 'CA', 'Oak View'),
(748, '205 S San Dimas Ave', 'US', 'NA', 'United States', 'CA', 'San Dimas'),
(755, '100 N El Molino Ave', 'US', 'NA', 'United States', 'CA', 'Pasadena'),
(765, '3295 E Main St', 'US', 'NA', 'United States', 'CA', 'Ventura'),
(771, '1441 Research Park Dr', 'US', 'NA', 'United States', 'CA', 'Davis'),
(777, '3433 Roberto Ct', 'US', 'NA', 'United States', 'CA', 'San Luis Obispo'),
(785, '601 Front St', 'US', 'NA', 'United States', 'CA', 'Santa Cruz'),
(791, '10th St & I St', 'US', 'NA', 'United States', 'CA', 'Sacramento'),
(797, '2901 K St', 'US', 'NA', 'United States', 'CA', 'Sacramento'),
(803, '2710 Gateway Oaks Dr', 'US', 'NA', 'United States', 'CA', 'Sacramento'),
(809, '5600 S Land Park Dr', 'US', 'NA', 'United States', 'CA', 'Sacramento'),
(817, 'Mosquito Rd & Clay St', 'US', 'NA', 'United States', 'CA', 'Placerville'),
(824, '1000 Ulatis Dr', 'US', 'NA', 'United States', 'CA', 'Vacaville'),
(831, '155 Browns Valley Pkwy', 'US', 'NA', 'United States', 'CA', 'Vacaville'),
(839, '190 Hickory Ln', 'US', 'NA', 'United States', 'CA', 'Vacaville'),
(846, '40 Eldridge Ave', 'US', 'NA', 'United States', 'CA', 'Vacaville'),
(853, '500 Catherine St', 'US', 'NA', 'United States', 'CA', 'Vacaville'),
(861, '6360 Fountain Square Dr', 'US', 'NA', 'United States', 'CA', 'Citrus Heights'),
(868, '1440 Ary Ln', 'US', 'NA', 'United States', 'CA', 'Dixon'),
(875, '2850 Fairlane Ct', 'US', 'NA', 'United States', 'CA', 'Placerville'),
(879, '4640 Post St', 'US', 'NA', 'United States', 'CA', 'El Dorado Hills'),
(883, '8455 Auburn-Folsom Rd', 'US', 'NA', 'United States', 'CA', 'Granite Bay'),
(887, '5605 Marconi Ave', 'US', 'NA', 'United States', 'CA', 'Carmichael'),
(891, '1 Main St', 'US', 'NA', 'United States', 'CA', 'Rio Vista'),
(895, '4000 Suisun Valley Rd', 'US', 'NA', 'United States', 'CA', 'Fairfield'),
(899, '3101 Artesian St', 'US', 'NA', 'United States', 'CA', 'Los Angeles'),
(903, '500 College St SE', 'US', 'NA', 'United States', 'WA', 'Lacey'),
(907, '209 A Ave', 'US', 'NA', 'United States', 'OR', 'Lake Oswego'),
(911, '1945 SE Water Ave', 'US', 'NA', 'United States', 'OR', 'Portland'),
(915, '398 Exline Rd', 'US', 'NA', 'United States', 'CA', 'Paso Robles'),
(919, 'N Oak St & W Standley St', 'US', 'NA', 'United States', 'CA', 'Ukiah'),
(923, '1651 E Monte Vista Ave', 'US', 'NA', 'United States', 'CA', 'Vacaville'),
(927, '3091 County Center Dr', 'US', 'NA', 'United States', 'CA', 'Auburn'),
(931, '4th St & G St', 'US', 'NA', 'United States', 'CA', 'Davis'),
(935, '840 2nd St', 'US', 'NA', 'United States', 'CA', 'Davis'),
(939, '6 Howard Way', 'US', 'NA', 'United States', 'CA', 'Davis'),
(943, '315 Mace Blvd', 'US', 'NA', 'United States', 'CA', 'Davis'),
(947, '2323 Rockwell Dr', 'US', 'NA', 'United States', 'CA', 'Davis'),
(951, '629 Factory Stores Drive', 'US', 'NA', 'United States', 'CA', 'Napa'),
(955, '101 E Sir Francis Drake Blvd', 'US', 'NA', 'United States', 'CA', 'Larkspur'),
(959, '17801 Pacific Hwy S', 'US', 'NA', 'United States', 'WA', 'Seattle'),
(963, '123 W Hill St', 'US', 'NA', 'United States', 'IL', 'Champaign'),
(967, '230 E Travis St', 'US', 'NA', 'United States', 'TX', 'San Antonio'),
(971, '930 Chemawa Rd NE', 'US', 'NA', 'United States', 'OR', 'Salem'),
(975, '5500 SW Meadows Rd', 'US', 'NA', 'United States', 'OR', 'Lake Oswego'),
(979, '16161 NE McDougall Rd', 'US', 'NA', 'United States', 'OR', 'Dayton'),
(983, '1 Dr Carlton B Goodlet Pl', 'US', 'NA', 'United States', 'CA', 'San Francisco'),
(987, '2688 Ventura Ave', 'US', 'NA', 'United States', 'CA', 'Santa Rosa'),
(991, 'I-64 W and VA-155', 'US', 'NA', 'United States', 'VA', 'New Kent'),
(995, 'Valentines Ln & Northern Blvd', 'US', 'NA', 'United States', 'NY', 'Old Westbury'),
(999, '1313 Cooper Point Rd SW', 'US', 'NA', 'United States', 'WA', 'Olympia'),
(1003, '1285 N Davis Rd', 'US', 'NA', 'United States', 'CA', 'Salinas'),
(1007, '1709 SE 3rd Ave', 'US', 'NA', 'United States', 'OR', 'Portland'),
(1011, '1551 Froom Ranch Way', 'US', 'NA', 'United States', 'CA', 'San Luis Obispo'),
(1015, '319 Madonna Rd', 'US', 'NA', 'United States', 'CA', 'San Luis Obispo'),
(1019, '17 Columbia Cir', 'US', 'NA', 'United States', 'NY', 'Albany'),
(1023, '10 Hermes Rd', 'US', 'NA', 'United States', 'NY', 'Malta'),
(1027, '284 South Ave', 'US', 'NA', 'United States', 'NY', 'Poughkeepsie'),
(1031, '1411 E Mission Ave', 'US', 'NA', 'United States', 'WA', 'Spokane'),
(1035, '159 S Lincoln St', 'US', 'NA', 'United States', 'WA', 'Spokane'),
(1039, '2110 Guthrie Ave', 'US', 'NA', 'United States', 'IA', 'Des Moines'),
(1043, '5800 Northglenn Dr', 'US', 'NA', 'United States', 'IA', 'Johnston'),
(1047, '9250 Springbrook Dr NW', 'US', 'NA', 'United States', 'MN', 'Coon Rapids'),
(1051, '650 15th St', 'US', 'NA', 'United States', 'CO', 'Denver'),
(1055, '150 Ledge Rd', 'US', 'NA', 'United States', 'CT', 'Darien'),
(1059, '89 Phoenix Ave', 'US', 'NA', 'United States', 'CT', 'Enfield'),
(1063, '1000 Sam Weinroth Rd', 'US', 'NA', 'United States', 'NJ', 'Ewing'),
(1067, '4000 E 30th Ave', 'US', 'NA', 'United States', 'OR', 'Eugene'),
(1071, '345 Hermes Rd', 'US', 'NA', 'United States', 'NY', 'Malta'),
(1075, '5956 Calle Real', 'US', 'NA', 'United States', 'CA', 'Goleta'),
(1079, '350 Grasmere Ave', 'US', 'NA', 'United States', 'CT', 'Fairfield'),
(1083, '155 Temple St', 'US', 'NA', 'United States', 'CT', 'New Haven'),
(1087, '60 York St', 'US', 'NA', 'United States', 'CT', 'New Haven'),
(1091, '1 Temple St', 'US', 'NA', 'United States', 'CT', 'New Haven'),
(1095, '50 Union Ave', 'US', 'NA', 'United States', 'CT', 'New Haven'),
(1102, '161 Water St', 'US', 'NA', 'United States', 'CT', 'New London'),
(1107, '157 N Main St', 'US', 'NA', 'United States', 'CT', 'Norwich'),
(1111, '1 Railroad Pl', 'US', 'NA', 'United States', 'CT', 'Westport'),
(1115, '1186 South St', 'US', 'NA', 'United States', 'CT', 'Suffield'),
(1119, '1619 Decker Blvd', 'US', 'NA', 'United States', 'SC', 'Columbia'),
(1123, '116 5th Ave', 'US', 'NA', 'United States', 'WV', 'Huntington'),
(1127, '2023 Westport Center Dr', 'US', 'NA', 'United States', 'MO', 'St. Louis'),
(1131, '1945 SE Water Ave', 'US', 'NA', 'United States', 'OR', 'Portland'),
(1135, '1021 S Constitution Dr', 'US', 'NA', 'United States', 'UT', 'Salt Lake City'),
(1139, '210 E 400 S', 'US', 'NA', 'United States', 'UT', 'Salt Lake City'),
(1143, '2023 4th Ave E', 'US', 'NA', 'United States', 'WA', 'Olympia'),
(1147, '700 Lilly Rd', 'US', 'NA', 'United States', 'WA', 'Olympia'),
(1151, '210 State Ave NW', 'US', 'NA', 'United States', 'WA', 'Olympia'),
(1155, '2611 Harrison Ave NW', 'US', 'NA', 'United States', 'WA', 'Olympia'),
(1159, '243 Israel Rd SE', 'US', 'NA', 'United States', 'WA', 'Tumwater'),
(1163, '1 Griffin Rd N', 'US', 'NA', 'United States', 'CT', 'Windsor'),
(1167, 'Ben Maddox Way near Noble Avenue', 'US', 'NA', 'United States', 'CA', 'Visalia'),
(1233, '1801 Main St.', 'US', 'NA', 'United States', 'CA', 'Santa Monica'),
(1237, '5050 Kietzke Ln.', 'US', 'NA', 'United States', 'NV', 'Reno'),
(1241, '1901 L St.', 'US', 'NA', 'United States', 'CA', 'Sacramento'),
(1246, '1945 SE Water Ave', 'US', 'NA', 'United States', 'OR', 'Portland'),
(1250, '635 West Washington Blvd', 'US', 'NA', 'United States', 'CA', 'Los Angeles Downtown'),
(1254, '3333 Bear Street', 'US', 'NA', 'United States', 'CA', 'Costa Mesa'),
(1258, 'U and 14th Street', 'US', 'NA', 'United States', 'DC', 'Washington DC'),
(1262, '801 Santa Monica Blvd', 'US', 'NA', 'United States', 'CA', 'Santa Monica Toyota'),
(1266, '6000 Hollywood Blvd', 'US', 'NA', 'United States', 'CA', 'Hollywood'),
(1270, '210 W Kamehameha Ave', 'US', 'NA', 'United States', 'HI', 'Kahului'),
(1274, '575 Cooke St', 'US', 'NA', 'United States', 'HI', 'Honolulu'),
(1278, '1812 Lincoln St.', 'US', 'NA', 'United States', 'SC', 'Columbia'),
(1282, '1100 Taylor St', 'US', 'NA', 'United States', 'SC', 'Columbia'),
(1286, '1100 Washington St', 'US', 'NA', 'United States', 'SC', 'Columbia'),
(1290, '820 Washington St', 'US', 'NA', 'United States', 'SC', 'Columbia'),
(1294, '1007 Park St', 'US', 'NA', 'United States', 'SC', 'Columbia'),
(1298, '101 Sharpe Ave', 'US', 'NA', 'United States', 'SC', 'Union'),
(1302, '121 E Black St.', 'US', 'NA', 'United States', 'SC', 'Rock Hill'),
(1306, '1466 Cherry Rd.', 'US', 'NA', 'United States', 'SC', 'Rock Hill'),
(1310, '100 Dunbar St.', 'US', 'NA', 'United States', 'SC', 'Spartanburg'),
(1314, '130 E St John St.', 'US', 'NA', 'United States', 'SC', 'Spartanburg'),
(1318, '25 W. McBee Ave.', 'US', 'NA', 'United States', 'SC', 'Greenville'),
(1322, '66 Richardson St', 'US', 'NA', 'United States', 'SC', 'Greenville'),
(1326, '285 W. Hargett St', 'US', 'NA', 'United States', 'NC', 'Raleigh'),
(1330, '750 Kearny Street', 'US', 'NA', 'United States', 'CA', 'Hilton San Francisco'),
(1334, '100 Bella Vista Road', 'US', 'NA', 'United States', 'CA', 'Vacaville'),
(1338, '1930 E. Grant Rd. ', 'US', 'NA', 'United States', 'AZ', 'Tuscon'),
(1342, '7075 Firestone Blvd', 'US', 'NA', 'United States', 'CA', 'Downey'),
(1346, '1201 S. Figueroa St.', 'US', 'NA', 'United States', 'CA', 'Los Angeles'),
(1368, '2612 Winford Avenue', 'US', 'NA', 'United States', 'TN', 'Nashville'),
(1372, '1905 Mines Rd', 'US', 'NA', 'United States', 'TN', 'Pulaski'),
(1377, '1101 Newport Center Dr', 'US', 'NA', 'United States', 'CA', 'Newport Beach'),
(1381, '3333 Bear Street', 'US', 'NA', 'United States', 'CA', 'Costa Mesa'),
(1388, '1201 S Figueroa St', 'US', 'NA', 'United States', 'CA', 'Los Angeles'),
(1392, '26 SW Salmon St', 'US', 'NA', 'United States', 'OR', 'Portland'),
(1396, '1945 SE Water Ave', 'US', 'NA', 'United States', 'OR', 'Portland'),
(1400, 'County Road 102 & Maxwell Ave', 'US', 'NA', 'United States', 'CA', 'Woodland'),
(1404, '750 Kearny St', 'US', 'NA', 'United States', 'CA', 'San Francisco'),
(1408, '2000 14th St NW', 'US', 'NA', 'United States', 'DC', 'Washington'),
(1412, '155 Temple St', 'US', 'NA', 'United States', 'CT', 'New Haven'),
(1416, '3980 Martin Luther King Jr Dr', 'US', 'NA', 'United States', 'GA', 'Atlanta'),
(1420, '115 5th Ave', 'US', 'NA', 'United States', 'WV', 'Huntington'),
(1424, '6090 N. Irwindale Ave.', 'US', 'NA', 'United States', 'CA', 'Irwindale'),
(1432, 'E 27th Street', 'US', 'NA', 'United States', 'WA', 'Tacoma'),
(1436, 'NE 180TH ST ', 'US', 'NA', 'United States', 'WA', 'Bothell'),
(1440, 'OAKES AVE', 'US', 'NA', 'United States', 'WA', 'Everett'),
(1449, '100 Dunbar St', 'US', 'NA', 'United States', 'SC', 'Spartanburg'),
(1453, '130 E Saint John St', 'US', 'NA', 'United States', 'SC', 'Spartanburg'),
(1457, '101 Sharpe Ave', 'US', 'NA', 'United States', 'SC', 'Union'),
(1461, '7100 Euclid Ave', 'US', 'NA', 'United States', 'OH', 'Cleveland'),
(1465, '200 NE 1st Ave', 'US', 'NA', 'United States', 'FL', 'Delray Beach'),
(1469, '18655 NE Union Hill Rd', 'US', 'NA', 'United States', 'WA', 'Redmond'),
(1473, '300 Capitol Ave', 'US', 'NA', 'United States', 'CT', 'Hartford'),
(1477, '85 Hampton Ave', 'US', 'NA', 'United States', 'MA', 'Northampton'),
(1481, '1100 Taylor St', 'US', 'NA', 'United States', 'SC', 'Columbia'),
(1485, '1100 Washington St', 'US', 'NA', 'United States', 'SC', 'Columbia'),
(1489, '1812 Lincoln St', 'US', 'NA', 'United States', 'SC', 'Columbia'),
(1493, '820 Washington St', 'US', 'NA', 'United States', 'SC', 'Columbia'),
(1497, '150 Cleveland Park Dr', 'US', 'NA', 'United States', 'SC', 'Greenville'),
(1501, '316 S Spring St', 'US', 'NA', 'United States', 'SC', 'Greenville'),
(1505, '1007 Park St', 'US', 'NA', 'United States', 'SC', 'Columbia'),
(1509, '65 Beattie Pl', 'US', 'NA', 'United States', 'SC', 'Greenville'),
(1513, '66 Richardson St', 'US', 'NA', 'United States', 'SC', 'Greenville'),
(1517, '121 E Black St', 'US', 'NA', 'United States', 'SC', 'Rock Hill'),
(1521, '1466 Cherry Rd', 'US', 'NA', 'United States', 'SC', 'Rock Hill'),
(1525, '725 Rice Ave', 'US', 'NA', 'United States', 'SC', 'Union'),
(1529, '420 River Rd', 'US', 'NA', 'United States', 'SC', 'Lockhart'),
(1533, '11850 Kemper Rd', 'US', 'NA', 'United States', 'CA', 'Auburn'),
(1537, '801 Santa Monica Blvd', 'US', 'NA', 'United States', 'CA', 'Santa Monica'),
(1541, '1855 Main St', 'US', 'NA', 'United States', 'CA', 'Santa Monica'),
(1545, '655 Beach St', 'US', 'NA', 'United States', 'CA', 'San Francisco'),
(1549, '333 Civic Center Dr', 'US', 'NA', 'United States', 'CA', 'Santa Monica'),
(1553, '8100 Tower Rd', 'US', 'NA', 'United States', 'CO', 'Commerce City'),
(1558, '2023 S Greenville Rd', 'US', 'NA', 'United States', 'MI', 'Greenville'),
(1562, '3500 N California Ave', 'US', 'NA', 'United States', 'IL', 'Chicago'),
(1566, '7601 S Lawndale Ave', 'US', 'NA', 'United States', 'IL', 'Chicago'),
(1570, '100 E Phoenix Ave', 'US', 'NA', 'United States', 'IL', 'Normal'),
(1574, '101 W Mulberry St', 'US', 'NA', 'United States', 'IL', 'Normal'),
(1578, '401-499 E Edwards St', 'US', 'NA', 'United States', 'IL', 'Springfield'),
(1582, '1000 E Main St', 'US', 'NA', 'United States', 'IN', 'Plainfield'),
(1586, '905 NE 11th Ave', 'US', 'NA', 'United States', 'OR', 'Portland'),
(1590, '7800 SW Mohawk St', 'US', 'NA', 'United States', 'OR', 'Tualatin'),
(1594, '1945 SE Water Ave', 'US', 'NA', 'United States', 'OR', 'Portland'),
(1598, '1214 E Avenue', 'US', 'NA', 'United States', 'NM', 'Carrizozo'),
(1602, '423 Russell St', 'US', 'NA', 'United States', 'MA', 'Hadley'),
(1606, '1 Town Square', 'US', 'NA', 'United States', 'IN', 'Dyer'),
(1610, '29 Gay Ave SE', 'US', 'NA', 'United States', 'MI', 'Grand Rapids'),
(1614, '285 W Hargett St', 'US', 'NA', 'United States', 'NC', 'Raleigh'),
(1618, '215 W Cabarrus St', 'US', 'NA', 'United States', 'NC', 'Raleigh'),
(1622, '903 Collegiate Blvd', 'US', 'NA', 'United States', 'MO', 'Rolla'),
(1626, '4914 S IH-35', 'US', 'NA', 'United States', 'TX', 'Austin'),
(1630, '780 N Commercial St', 'US', 'NA', 'United States', 'NH', 'Manchester'),
(1635, '2835 Kemet Way', 'US', 'NA', 'United States', 'SC', 'Simpsonville'),
(1639, '15013 Denver W Pkwy', 'US', 'NA', 'United States', 'CO', 'Golden'),
(1643, '1111 W Broad St', 'US', 'NA', 'United States', 'VA', 'Richmond'),
(1647, '615 N 10th St', 'US', 'NA', 'United States', 'VA', 'Richmond'),
(1651, '104 Aspen Ln', 'US', 'NA', 'United States', 'MN', 'Belle Plaine'),
(1655, '4820 Highway 61 W', 'US', 'NA', 'United States', 'MN', 'Red Wing'),
(1659, '8921 Crossroads Blvd', 'US', 'NA', 'United States', 'MN', 'Chanhassen'),
(1663, '1740 Commerce Dr', 'US', 'NA', 'United States', 'MN', 'North Mankato'),
(1667, '1305 S Minnesota Ave', 'US', 'NA', 'United States', 'MN', 'St. Peter'),
(1671, '1756 Bunker Lake Blvd NW', 'US', 'NA', 'United States', 'MN', 'Andover'),
(1675, '101 S Illinois Ave', 'US', 'NA', 'United States', 'TN', 'Oak Ridge'),
(1679, '2801 Highway 231 N', 'US', 'NA', 'United States', 'TN', 'Shelbyville'),
(1683, '4700 S Soncy Rd', 'US', 'NA', 'United States', 'TX', 'Amarillo'),
(1687, '19630 Northwest Fwy', 'US', 'NA', 'United States', 'TX', 'Houston'),
(1691, '12150 Katy Fwy', 'US', 'NA', 'United States', 'TX', 'Houston'),
(1695, '15300 North Fwy', 'US', 'NA', 'United States', 'TX', 'Houston'),
(1699, '25550 Kingsland Blvd', 'US', 'NA', 'United States', 'TX', 'Katy'),
(1703, '5501 E Central Texas Expy', 'US', 'NA', 'United States', 'TX', 'Killeen'),
(1707, '3800 S Central Expy', 'US', 'NA', 'United States', 'TX', 'McKinney'),
(1711, '3050 N IH-35', 'US', 'NA', 'United States', 'TX', 'Round Rock'),
(1715, '10835 IH-10 W', 'US', 'NA', 'United States', 'TX', 'San Antonio'),
(1719, '750 NE Loop 410', 'US', 'NA', 'United States', 'TX', 'San Antonio'),
(1723, '6990 NW Loop 410', 'US', 'NA', 'United States', 'TX', 'San Antonio'),
(1727, '3201 W-SW Loop 323', 'US', 'NA', 'United States', 'TX', 'Tyler'),
(1731, '150 S Pickett St', 'US', 'NA', 'United States', 'VA', 'Alexandria'),
(1735, '14840 Stonecroft Center Ct', 'US', 'NA', 'United States', 'VA', 'Chantilly'),
(1739, '200 Myers Dr', 'US', 'NA', 'United States', 'VA', 'Charlottesville'),
(1743, '11010 Fairfax Blvd', 'US', 'NA', 'United States', 'VA', 'Fairfax'),
(1747, '1134 W Mercury Blvd', 'US', 'NA', 'United States', 'VA', 'Hampton'),
(1751, '9010 Liberia Ave', 'US', 'NA', 'United States', 'VA', 'Manassas'),
(1755, '328 Rives Rd', 'US', 'NA', 'United States', 'VA', 'Petersburg'),
(1759, '6520 Peters Creek Rd', 'US', 'NA', 'United States', 'VA', 'Roanoke'),
(1763, '45155 Towlern Pl', 'US', 'NA', 'United States', 'VA', 'Sterling'),
(1767, '8525 Leesburg Pike', 'US', 'NA', 'United States', 'VA', 'Vienna'),
(1771, '1230 Millwood Pike', 'US', 'NA', 'United States', 'VA', 'Winchester'),
(1775, '713 35th St NE', 'US', 'NA', 'United States', 'WA', 'Auburn'),
(1779, '1516 Iowa St', 'US', 'NA', 'United States', 'WA', 'Bellingham'),
(1783, '5101 Auto Center Blvd', 'US', 'NA', 'United States', 'WA', 'Bremerton'),
(1787, '16042 1st Ave S', 'US', 'NA', 'United States', 'WA', 'Burien'),
(1791, '24325 Highway 99', 'US', 'NA', 'United States', 'WA', 'Edmonds'),
(1795, '10500 Highway 99 S', 'US', 'NA', 'United States', 'WA', 'Everett'),
(1799, '2220 Carriage Dr SW', 'US', 'NA', 'United States', 'WA', 'Olympia'),
(1803, '928 N 28th Ave', 'US', 'NA', 'United States', 'WA', 'Pasco'),
(1807, '53 Jetta Way', 'US', 'NA', 'United States', 'WA', 'Port Angeles'),
(1811, '101 Valley Ave NW', 'US', 'NA', 'United States', 'WA', 'Puyallup'),
(1815, '3401 E Valley Rd', 'US', 'NA', 'United States', 'WA', 'Renton'),
(1819, '9000 N Division St', 'US', 'NA', 'United States', 'WA', 'Spokane'),
(1824, '4030 S Tacoma Way', 'US', 'NA', 'United States', 'WA', 'Tacoma'),
(1828, '3608 NE Auto Mall Dr', 'US', 'NA', 'United States', 'WA', 'Vancouver'),
(1832, '1395 Dalles Military Rd', 'US', 'NA', 'United States', 'WA', 'Walla Walla'),
(1836, '1001 N Miller St', 'US', 'NA', 'United States', 'WA', 'Wenatchee'),
(1840, '510 Butler Ave', 'US', 'NA', 'United States', 'WV', 'Martinsburg'),
(1844, '2100 S Market St', 'US', 'NA', 'United States', 'TN', 'Chattanooga'),
(1848, '185 Highway 76', 'US', 'NA', 'United States', 'TN', 'Clarksville'),
(1852, '501 Neal St', 'US', 'NA', 'United States', 'TN', 'Cookeville'),
(1856, '2219 Highway 46 S', 'US', 'NA', 'United States', 'TN', 'Dickson'),
(1860, '2700 Parr Ave', 'US', 'NA', 'United States', 'TN', 'Dyersburg'),
(1864, '212 Comtide Ct', 'US', 'NA', 'United States', 'TN', 'Franklin'),
(1868, '1461 Nashville Pike', 'US', 'NA', 'United States', 'TN', 'Gallatin'),
(1872, '3602 Bristol Hwy', 'US', 'NA', 'United States', 'TN', 'Johnson City'),
(1876, '2733 E Stone Dr', 'US', 'NA', 'United States', 'TN', 'Kingsport'),
(1880, '8565 Kingston Pike', 'US', 'NA', 'United States', 'TN', 'Knoxville'),
(1884, '4515 Clinton Hwy', 'US', 'NA', 'United States', 'TN', 'Knoxville'),
(1888, '841 N Lindell St', 'US', 'NA', 'United States', 'TN', 'Martin'),
(1892, '4140 Hacks Cross Rd', 'US', 'NA', 'United States', 'TN', 'Memphis'),
(1896, '5496 W Andrew Johnson Hwy', 'US', 'NA', 'United States', 'TN', 'Morristown'),
(1900, '814 Memorial Blvd', 'US', 'NA', 'United States', 'TN', 'Murfreesboro'),
(1904, '307 Thompson Ln', 'US', 'NA', 'United States', 'TN', 'Nashville'),
(1908, '25 Vantage Way', 'US', 'NA', 'United States', 'TN', 'Nashville'),
(1912, '3855 SW Cedar Hills Blvd', 'US', 'NA', 'United States', 'OR', 'Beaverton'),
(1916, '1835 NE Highway 20', 'US', 'NA', 'United States', 'OR', 'Bend'),
(1920, '900 NW 4th St', 'US', 'NA', 'United States', 'OR', 'Corvallis'),
(1924, '2060 Martin Luther King', 'US', 'NA', 'United States', 'OR', 'Eugene'),
(1928, '19505 SE McLoughlin Blvd', 'US', 'NA', 'United States', 'OR', 'Gladstone'),
(1932, '1925 N Highway 99W', 'US', 'NA', 'United States', 'OR', 'McMinnville'),
(1936, '4560 Grumman Dr', 'US', 'NA', 'United States', 'OR', 'Medford'),
(1940, '1212 NE 122nd Ave', 'US', 'NA', 'United States', 'OR', 'Portland'),
(1944, '2400 W 6th St', 'US', 'NA', 'United States', 'OR', 'The Dalles'),
(1948, '26700 SW 95th Ave', 'US', 'NA', 'United States', 'OR', 'Wilsonville'),
(1952, '3670 Fernandina Rd', 'US', 'NA', 'United States', 'SC', 'Columbia'),
(1956, '5536 Sunset Blvd', 'US', 'NA', 'United States', 'SC', 'Lexington'),
(1960, '3247 Airport Hwy', 'US', 'NA', 'United States', 'TN', 'Alcoa'),
(1964, '2956 N Germantown Rd', 'US', 'NA', 'United States', 'TN', 'Bartlett'),
(1968, '235 Century Blvd', 'US', 'NA', 'United States', 'TN', 'Bristol'),
(1972, '2402 Highway 31 S', 'US', 'NA', 'United States', 'AL', 'Decatur'),
(1976, '227 Eastern Bypass', 'US', 'NA', 'United States', 'AL', 'Montgomery'),
(1980, '10305 W Papago Fwy', 'US', 'NA', 'United States', 'AZ', 'Avondale'),
(1984, '3842 N Highway 95', 'US', 'NA', 'United States', 'AZ', 'Lake Havasu City'),
(1988, '9151 W Bell Rd', 'US', 'NA', 'United States', 'AZ', 'Peoria'),
(1992, '1300 E Camelback Rd', 'US', 'NA', 'United States', 'AZ', 'Phoenix'),
(1996, '726 E Main St', 'US', 'NA', 'United States', 'CA', 'Alhambra'),
(2000, '1831 Auto Center Dr', 'US', 'NA', 'United States', 'CA', 'Antioch'),
(2004, '2800 Pacheco Rd', 'US', 'NA', 'United States', 'CA', 'Bakersfield'),
(2008, '1505 E 223rd St', 'US', 'NA', 'United States', 'CA', 'Carson'),
(2012, '18707 Studebaker Rd', 'US', 'NA', 'United States', 'CA', 'Cerritos'),
(2016, '575 Manzanita Ave', 'US', 'NA', 'United States', 'CA', 'Chico'),
(2020, '17320 E Gale Ave', 'US', 'NA', 'United States', 'CA', 'City of Industry'),
(2024, '370 W Herndon Ave', 'US', 'NA', 'United States', 'CA', 'Clovis'),
(2028, '1500 Collins Ave', 'US', 'NA', 'United States', 'CA', 'Colma'),
(2032, '1290 Concord Ave', 'US', 'NA', 'United States', 'CA', 'Concord'),
(2036, '5009 Chiles Rd', 'US', 'NA', 'United States', 'CA', 'Davis'),
(2040, '7550 Firestone Blvd', 'US', 'NA', 'United States', 'CA', 'Downey'),
(2044, '1434 Buena Vista St', 'US', 'NA', 'United States', 'CA', 'Duarte'),
(2048, '1170 W Main St', 'US', 'NA', 'United States', 'CA', 'El Cajon'),
(2052, '3428 N Peck Rd', 'US', 'NA', 'United States', 'CA', 'El Monte'),
(2056, '1546 Auto Park Way', 'US', 'NA', 'United States', 'CA', 'Escondido'),
(2060, '601 7th St', 'US', 'NA', 'United States', 'CA', 'Eureka'),
(2064, '12610 Auto Mall Cir', 'US', 'NA', 'United States', 'CA', 'Folsom'),
(2068, '16444 S Highland Ave', 'US', 'NA', 'United States', 'CA', 'Fontana'),
(2072, '5701 Cushing Pkwy', 'US', 'NA', 'United States', 'CA', 'Fremont'),
(2076, '5580 N Blackstone Ave', 'US', 'NA', 'United States', 'CA', 'Fresno'),
(2080, '9222 Trask Ave', 'US', 'NA', 'United States', 'CA', 'Garden Grove'),
(2084, '1670 W Redondo Beach Blvd', 'US', 'NA', 'United States', 'CA', 'Gardena'),
(2088, '400 Automall Dr', 'US', 'NA', 'United States', 'CA', 'Gilroy'),
(2092, '727 S Brand Blvd', 'US', 'NA', 'United States', 'CA', 'Glendale'),
(2096, '425 S Kellogg Ave', 'US', 'NA', 'United States', 'CA', 'Goleta'),
(2100, '24644 Mission Blvd', 'US', 'NA', 'United States', 'CA', 'Hayward'),
(2104, '17331 Beach Blvd', 'US', 'NA', 'United States', 'CA', 'Huntington Beach'),
(2108, '32 Auto Center Dr', 'US', 'NA', 'United States', 'CA', 'Irvine'),
(2112, '635 W Washington Blvd', 'US', 'NA', 'United States', 'CA', 'Los Angeles'),
(2116, '3550 Cahuenga Blvd W', 'US', 'NA', 'United States', 'CA', 'Los Angeles'),
(2120, '11000 Sepulveda Blvd', 'US', 'NA', 'United States', 'CA', 'Mission Hills'),
(2124, '4530 McHenry Ave', 'US', 'NA', 'United States', 'CA', 'Modesto'),
(2128, '9440 Autoplex Dr', 'US', 'NA', 'United States', 'CA', 'Montclair'),
(2132, '1665 Industrial Park Ave', 'US', 'NA', 'United States', 'CA', 'Redlands'),
(2136, '510 Soscol Ave', 'US', 'NA', 'United States', 'CA', 'Napa'),
(2140, '2700 National City Blvd', 'US', 'NA', 'United States', 'CA', 'National City'),
(2144, '3535 College Blvd', 'US', 'NA', 'United States', 'CA', 'Oceanside'),
(2148, '451 Auto Center Dr', 'US', 'NA', 'United States', 'CA', 'Palmdale'),
(2152, '1250 Auto Center Dr', 'US', 'NA', 'United States', 'CA', 'Petaluma'),
(2156, '14100 Poway Rd', 'US', 'NA', 'United States', 'CA', 'Poway'),
(2160, '3277 Auto Plaza', 'US', 'NA', 'United States', 'CA', 'Richmond'),
(2164, '6030 Sycamore Canyon Blvd', 'US', 'NA', 'United States', 'CA', 'Riverside'),
(2168, '8330 Indiana Ave', 'US', 'NA', 'United States', 'CA', 'Riverside'),
(2172, '600 Automall Dr', 'US', 'NA', 'United States', 'CA', 'Roseville'),
(2176, '2820 Auburn Blvd', 'US', 'NA', 'United States', 'CA', 'Sacramento'),
(2180, '222 Auto Center Cir', 'US', 'NA', 'United States', 'CA', 'Salinas'),
(2184, '735 Showcase Dr S', 'US', 'NA', 'United States', 'CA', 'San Bernardino'),
(2188, '8118 Clairemont Mesa Blvd', 'US', 'NA', 'United States', 'CA', 'San Diego'),
(2192, '4433 Mission Bay Dr', 'US', 'NA', 'United States', 'CA', 'San Diego'),
(2196, '680 E El Camino Real', 'US', 'NA', 'United States', 'CA', 'Sunnyvale'),
(2200, '1120 W Capitol Expy', 'US', 'NA', 'United States', 'CA', 'San Jose'),
(2204, '33633 Camino Capistrano', 'US', 'NA', 'United States', 'CA', 'San Juan Capistrano'),
(2208, '12150 Los Osos Valley Rd', 'US', 'NA', 'United States', 'CA', 'San Luis Obispo'),
(2212, '4855 Stevens Creek Blvd', 'US', 'NA', 'United States', 'CA', 'Santa Clara'),
(2216, '1661 Del Monte Blvd', 'US', 'NA', 'United States', 'CA', 'Seaside'),
(2220, '5425 Van Nuys Blvd', 'US', 'NA', 'United States', 'CA', 'Sherman Oaks'),
(2224, '2325 1st St', 'US', 'NA', 'United States', 'CA', 'Simi Valley'),
(2228, '3077 E Hammer Ln', 'US', 'NA', 'United States', 'CA', 'Stockton'),
(2232, '41895 Motor Car Pkwy', 'US', 'NA', 'United States', 'CA', 'Temecula'),
(2236, '3195 N Naglee Rd', 'US', 'NA', 'United States', 'CA', 'Tracy'),
(2240, '671 Orange Dr', 'US', 'NA', 'United States', 'CA', 'Vacaville'),
(2244, '24111 Creekside Rd', 'US', 'NA', 'United States', 'CA', 'Valencia'),
(2248, '3287 Sonoma Blvd', 'US', 'NA', 'United States', 'CA', 'Vallejo'),
(2252, '15722 Valley Park Ln', 'US', 'NA', 'United States', 'CA', 'Victorville'),
(2256, '830 S Ben Maddox Way', 'US', 'NA', 'United States', 'CA', 'Visalia'),
(2260, '205 N Citrus St', 'US', 'NA', 'United States', 'CA', 'West Covina'),
(2264, '1611 Cortez Rd W', 'US', 'NA', 'United States', 'FL', 'Bradenton'),
(2268, '937 S Suncoast Blvd', 'US', 'NA', 'United States', 'FL', 'Homosassa'),
(2272, '2200 S Federal Hwy', 'US', 'NA', 'United States', 'FL', 'Delray Beach'),
(2276, '4262 W US 90', 'US', 'NA', 'United States', 'FL', 'Lake City'),
(2280, '10500 NW 12th St', 'US', 'NA', 'United States', 'FL', 'Miami'),
(2284, '3345 SW 8th St', 'US', 'NA', 'United States', 'FL', 'Miami'),
(2288, '1700 Flare Rd', 'US', 'NA', 'United States', 'FL', 'Sebring'),
(2292, '946 S US Highway 1', 'US', 'NA', 'United States', 'FL', 'Vero Beach'),
(2296, '6401 Cypress Gardens Blvd', 'US', 'NA', 'United States', 'FL', 'Winter Haven'),
(2300, '3520 Highway 20', 'US', 'NA', 'United States', 'GA', 'Buford'),
(2304, '2555 Pleasant Hill Rd', 'US', 'NA', 'United States', 'GA', 'Duluth'),
(2308, '925 Cobb Pkwy SE', 'US', 'NA', 'United States', 'GA', 'Marietta'),
(2312, '1090 Holcomb Bridge Rd', 'US', 'NA', 'United States', 'GA', 'Roswell'),
(2316, '260 Hana Hwy', 'US', 'NA', 'United States', 'HI', 'Kahului'),
(2320, '94-1299 Ka Uka Blvd', 'US', 'NA', 'United States', 'HI', 'Waipahu'),
(2327, '1506 Bel Air Rd', 'US', 'NA', 'United States', 'MD', 'Bel Air'),
(2331, '800 S Rolling Rd', 'US', 'NA', 'United States', 'MD', 'Catonsville'),
(2335, '19574 Amaranth Dr', 'US', 'NA', 'United States', 'MD', 'Germantown'),
(2339, '5000 Auth Way', 'US', 'NA', 'United States', 'MD', 'Suitland'),
(2344, '3131 Automobile Blvd', 'US', 'NA', 'United States', 'MD', 'Silver Spring'),
(2349, '10 W 6th St', 'US', 'NA', 'United States', 'MN', 'St. Paul'),
(2353, '316 Jackson St', 'US', 'NA', 'United States', 'MN', 'St. Paul'),
(2357, '1200 Currie Ave N', 'US', 'NA', 'United States', 'MN', 'Minneapolis'),
(2361, '477 Cedar St', 'US', 'NA', 'United States', 'MN', 'St. Paul'),
(2365, '967 Concord Pkwy S', 'US', 'NA', 'United States', 'NC', 'Concord'),
(2369, '4559 Raeford Rd', 'US', 'NA', 'United States', 'NC', 'Fayetteville'),
(2373, '1810 S Main St', 'US', 'NA', 'United States', 'NC', 'High Point'),
(2377, '1949 Roberts Ave', 'US', 'NA', 'United States', 'NC', 'Lumberton'),
(2381, '120 W Edenton St', 'US', 'NA', 'United States', 'NC', 'Raleigh'),
(2385, NULL, 'US', 'NA', 'United States', 'California', 'Palo Alto'),
(2389, '121 SW Salmon Street', 'US', 'NA', 'United States', 'OR', 'Portland'),
(2393, '4675 Viewridge Ave', 'US', 'NA', 'United States', 'CA', 'San Diego'),
(2397, '200 West Ln', 'US', 'NA', 'United States', 'SC', 'Clemson'),
(2401, '1905 Westmoreland St', 'US', 'NA', 'United States', 'VA', 'Richmond'),
(2405, '2130 N Franklin St', 'US', 'NA', 'United States', 'VA', 'Christiansburg'),
(2409, '11841 Midlothian Turnpike', 'US', 'NA', 'United States', 'VA', 'Midlothian'),
(2414, '1875 El Prado', 'US', 'NA', 'United States', 'CA', 'San Diego'),
(2419, '706 Ocean Ave', 'US', 'NA', 'United States', 'CA', 'Seal Beach'),
(2423, 'Pearl St', 'US', 'NA', 'United States', 'California', 'Monterey'),
(2427, '35 W Court St', 'US', 'NA', 'United States', 'SC', 'Greenville'),
(2431, '2 Exchange St', 'US', 'NA', 'United States', 'SC', 'Greenville'),
(2435, '2403 Centreville Rd', 'US', 'NA', 'United States', 'VA', 'Herndon'),
(2439, '301 University Ridge', 'US', 'NA', 'United States', 'SC', 'Greenville'),
(2443, '90 Elm St', 'US', 'NA', 'United States', 'CT', 'Enfield'),
(2448, '750 9th St NW', 'US', 'NA', 'United States', 'DC', 'Washington'),
(2452, '2501 Worldgateway Pl', 'US', 'NA', 'United States', 'MI', 'Detroit'),
(2456, '2501 Worldgateway Pl', 'US', 'NA', 'United States', 'MI', 'Detroit'),
(2460, '1201 Caniff St', 'US', 'NA', 'United States', 'MI', 'Detroit'),
(2464, '1 Energy Plaza', 'US', 'NA', 'United States', 'MI', 'Detroit'),
(2468, '7940 Livernois Ave', 'US', 'NA', 'United States', 'MI', 'Detroit'),
(2472, '1777 3rd St', 'US', 'NA', 'United States', 'MI', 'Detroit'),
(2476, '400 6th St', 'US', 'NA', 'United States', 'MI', 'Rochester'),
(2480, '255 E 2nd St', 'US', 'NA', 'United States', 'MI', 'Rochester'),
(2484, '176 N Adams Rd', 'US', 'NA', 'United States', 'MI', 'Rochester Hills'),
(2488, '101 E Henry St', 'US', 'NA', 'United States', 'MI', 'Saline'),
(2492, '11000 Pleasant Valley Rd', 'US', 'NA', 'United States', 'OH', 'Parma'),
(2496, '3600 Centerpoint Parkway', 'US', 'NA', 'United States', 'Michigan', 'Pontiac'),
(2500, '300 Broadway', 'US', 'NA', 'United States', 'NY', 'Albany'),
(2505, '451 Auto Center Drive', 'US', 'NA', 'United States', 'CA', 'Palmdale'),
(2509, '20 City Boulevard West', 'US', 'NA', 'United States', 'CA', 'Orange'),
(2513, '20 City Boulevard West', 'US', 'NA', 'United States', 'CA', 'Orange'),
(2517, '20 City Boulevard West', 'US', 'NA', 'United States', 'CA', 'Orange'),
(2521, '300 South Avenue Beacon', 'US', 'NA', 'United States', 'New York', 'Beacon'),
(2525, '2850 Harbor Blvd', 'US', 'NA', 'United States', 'CA', 'Costa Mesa'),
(2529, '3300 Poinsett Hwy', 'US', 'NA', 'United States', 'SC', 'Greenville'),
(2533, '12500 Crystal Mountain Dr', 'US', 'NA', 'United States', 'MI', 'Thompsonville'),
(2537, '351 Dubois Ave', 'US', 'NA', 'United States', 'MD', 'Annapolis'),
(2541, '326 Main St', 'US', 'NA', 'United States', 'PA', 'Bally'),
(2545, '200 N Main St', 'US', 'NA', 'United States', 'MI', 'Royal Oak'),
(2549, '429 S Wilmington St', 'US', 'NA', 'United States', 'NC', 'Raleigh'),
(2553, '128 W South St', 'US', 'NA', 'United States', 'NC', 'Raleigh'),
(2557, '115 S Wilmington St', 'US', 'NA', 'United States', 'NC', 'Raleigh'),
(2561, '401 Stadium St', 'US', 'NA', 'United States', 'OR', 'Ashland'),
(2566, '8005 SW Boeckman Rd', 'US', 'NA', 'United States', 'OR', 'Wilsonville'),
(2570, '3000 Rockefeller Ave', 'US', 'NA', 'United States', 'WA', 'Everett'),
(2574, '9705 SW Sunshine Ct', 'US', 'NA', 'United States', 'OR', 'Beaverton'),
(2578, '9101 SE Sunnybrook Blvd', 'US', 'NA', 'United States', 'OR', 'Clackamas'),
(2582, '5900 Peachtree Industrial Blvd', 'US', 'NA', 'United States', 'GA', 'Atlanta'),
(2586, '10000 W O\'Hare Ave', 'US', 'NA', 'United States', 'IL', 'Chicago'),
(2590, '3000 S River Rd', 'US', 'NA', 'United States', 'IL', 'Des Plaines'),
(2594, '2 Estes St', 'US', 'NA', 'United States', 'MA', 'Ipswich'),
(2599, '1907 W Markham Ave', 'US', 'NA', 'United States', 'NC', 'Durham'),
(2603, '2811 E Central Ave', 'US', 'NA', 'United States', 'AR', 'Bentonville'),
(2607, '1725 NW 86th St', 'US', 'NA', 'United States', 'IA', 'Clive'),
(2611, '1601 W Burlington Ave', 'US', 'NA', 'United States', 'IA', 'Fairfield'),
(2615, '4860 NW Urbandale Dr', 'US', 'NA', 'United States', 'IA', 'Urbandale'),
(2619, '225 College Ave', 'US', 'NA', 'United States', 'MI', 'Holland'),
(2623, '17150 Allen Rd', 'US', 'NA', 'United States', 'MI', 'Melvindale'),
(2627, '755 Beechnut Dr', 'US', 'NA', 'United States', 'PA', 'Pittsburgh'),
(2632, '4675 Viewridge Avenue', 'US', 'NA', 'United States', 'CA', 'San Diego'),
(2636, '818. S. Kansas Ave.', 'US', 'NA', 'United States', 'KS', 'Topeka'),
(2641, '17420 Hall Rd.', 'US', 'NA', 'United States', 'MI', 'Clinton Township'),
(2682, '8137 Main St', 'US', 'NA', 'United States', 'NY', 'Williamsville'),
(2689, '12722 Hamilton Crossing Blvd', 'US', 'NA', 'United States', 'Indiana', 'Carmel'),
(2721, '115 5th Ave', 'US', 'NA', 'United States', 'WV', 'Huntington'),
(2753, '701 Carrier Drive', 'US', 'NA', 'United States', 'Virginia', 'Harrisonburg'),
(3166, '1411 East Mission Avenue', 'US', 'NA', 'United States', 'Washington', 'Spokane'),
(3276, '7724 Van Nuys Blvd.', 'US', 'NA', 'United States', 'California', 'Van Nuys'),
(3338, '1475 South Coast Drive', 'US', 'NA', 'United States', 'CA', 'Costa Mesa'),
(3349, '3355 Las Vegas Boulevard South', 'US', 'NA', 'United States', 'NV', 'Las Vegas'),
(3384, '13631 Tidwell Rd.', 'US', 'NA', 'United States', 'TX', 'Houston'),
(3403, '125 E 8th St', 'US', 'NA', 'United States', 'MI', 'Traverse City');

-- --------------------------------------------------------

--
-- Table structure for table `brand`
--

CREATE TABLE `brand` (
  `id` varchar(255) NOT NULL,
  `name` varchar(255) DEFAULT NULL
) ENGINE=InnoDB DEFAULT CHARSET=utf8mb4 COLLATE=utf8mb4_0900_ai_ci;

--
-- Dumping data for table `brand`
--

INSERT INTO `brand` (`id`, `name`) VALUES
('0742668c-bf59-4191-890e-2b0883508808', 'BMW'),
('171a1e6d-8cbc-41a9-a8bb-e05b7ee98889', 'Maxus'),
('2e55ea02-c829-4256-94fd-ffc971a1dd8e', 'Volvo'),
('3291e5ba-862c-49fa-8437-71105743875e', 'Fiat'),
('3337d5f0-39de-4ded-831b-843dfec1ebbd', 'Kia'),
('3500fb3e-bd2c-478e-ae5e-ac9ee490594b', 'Opel'),
('37bfdacf-1aca-4eb7-8daa-8dc5b14c59e9', 'DS'),
('391f000f-d9d1-4c13-b744-95f0b9c8a2e1', 'Polestar'),
('3b3fc191-f4c3-45da-bc3b-21efbe1b264f', 'Citroen'),
('3cf8cf51-60ac-4cac-9f25-131c21eda12e', 'Mitsubishi'),
('43763587-6999-406b-8843-28977e1b82c3', 'Skoda'),
('481793f5-c8b0-4dc9-b3d4-cc615085ac07', 'Volkswagen'),
('5663b87a-d940-4bab-9846-d74c8c0ae260', 'MG'),
('61fc79a2-04ca-418e-9333-caf5f67ba02f', 'Jaguar'),
('68e11a25-d316-4d22-9444-45c7306c8ab7', 'Porsche'),
('6cf9e9b6-28aa-44c7-b6c3-438d518ac12f', 'Ford'),
('6d9d9248-de4a-4b13-976b-4e9f6688b0b1', 'Mini'),
('771bb157-23a2-4917-908c-810d241718d5', 'e.GO Mobile'),
('89c2668c-0c50-4344-9386-93e4000f7673', 'Audi'),
('91c527ff-aa74-4dbb-9091-36fb5ddd44b6', 'Seat'),
('9771afb8-9e25-4ae6-a5b3-b2a5b9f363f0', 'Hyundai'),
('97d0d03a-63c6-4f33-99d7-6e944f71d7c5', 'Artega'),
('9b829849-1219-48b8-964e-90ddc1a4fa85', 'Mazda'),
('9ca5e092-76e2-4868-afc1-c06abeedf81b', 'Honda'),
('a43d2607-eead-46c2-9fd5-2ebd3c49d895', 'Aiways'),
('a462c115-33b4-438b-b590-bc4a33382d1c', 'smart'),
('b2282fbe-f5d9-48d9-943f-a9b66ec51423', 'Mercedes Benz'),
('c0d8a60c-34b8-44fe-8af7-9eeb62eedb4b', 'Renault'),
('cbca5847-9b23-47d9-80d3-24fa9a8ca21a', 'Chevrolet'),
('dab5a47a-e8ce-4d34-9139-0701499205b1', 'Nissan'),
('f37896c3-6bc5-45e1-b442-b9cbc38e3a7c', 'Tesla'),
('f458fe7d-f545-45f3-8c23-2ab8140b8b5d', 'Peugeot');

-- --------------------------------------------------------

--
-- Table structure for table `car`
--

CREATE TABLE `car` (
  `id` varchar(255) NOT NULL,
  `average_consumption` int NOT NULL,
  `model` varchar(255) DEFAULT NULL,
  `release_year` int DEFAULT NULL,
  `type` varchar(255) DEFAULT NULL,
  `usable_battery_size` float DEFAULT NULL,
  `variant` varchar(255) DEFAULT NULL,
  `ac_charger_id` bigint DEFAULT NULL,
  `brand_id` varchar(255) DEFAULT NULL,
  `dc_charger_id` bigint DEFAULT NULL
) ENGINE=InnoDB DEFAULT CHARSET=utf8mb4 COLLATE=utf8mb4_0900_ai_ci;

--
-- Dumping data for table `car`
--

INSERT INTO `car` (`id`, `average_consumption`, `model`, `release_year`, `type`, `usable_battery_size`, `variant`, `ac_charger_id`, `brand_id`, `dc_charger_id`) VALUES
('059c028d-b2a6-4a8d-947a-158c7537b290', 22, 'e-tron 50', 2019, 'bev', 65, '22kW-AC', 28, '89c2668c-0c50-4344-9386-93e4000f7673', 27),
('09022e0a-c322-46e7-9171-b48fdd953cca', 15, '3008', 2020, 'phev', 11.2, 'HYbrid4 3,7 kW-AC', 766, 'f458fe7d-f545-45f3-8c23-2ab8140b8b5d', NULL),
('0a663bbf-3b87-4e7a-bd7a-3e9c39961a2b', 19, 'Model S', NULL, 'bev', 76, '85', 324, 'f37896c3-6bc5-45e1-b442-b9cbc38e3a7c', 323),
('0a7e79c1-ecd6-4639-bac1-9c9e49fec84c', 16, 'ID.3', 2020, 'bev', 45, 'Standard Range', 425, '481793f5-c8b0-4dc9-b3d4-cc615085ac07', 424),
('0aa5220a-6da7-4dc0-a0a1-714bea4fded3', 22, 'Model X', 2017, 'bev', 100, 'P100D', 348, 'f37896c3-6bc5-45e1-b442-b9cbc38e3a7c', 347),
('0ec3f440-136c-49f1-8917-c629a27146c7', 16, 'i3', NULL, 'bev', 27.2, '94 Ah', 42, '0742668c-bf59-4191-890e-2b0883508808', 41),
('0f7eae0b-43be-48f8-b4a0-1a8266fd07a9', 17, 'e-Niro', 2018, 'bev', 64, '64 kWh', 154, '3337d5f0-39de-4ded-831b-843dfec1ebbd', 153),
('15023eb9-eba6-436e-ad98-2086f1cb31c4', 11, 'Golf GTE', 2017, 'phev', 8.7, '', 436, '481793f5-c8b0-4dc9-b3d4-cc615085ac07', NULL),
('176af738-f385-4dc8-9243-9c701fbd7759', 17, 'MX-30', 2020, 'bev', 32, '', 728, '9b829849-1219-48b8-964e-90ddc1a4fa85', 726),
('1847e3aa-750c-4b12-a80a-56e792b3aadb', 15, 'Outlander PHEV', 2018, 'phev', 11, '', 203, '3cf8cf51-60ac-4cac-9f25-131c21eda12e', 202),
('18bb40bd-321b-4326-a404-e46652538830', 19, 'Enyaq iV', 2020, 'bev', 77, '82 kWh 50 kW-DC', 851, '43763587-6999-406b-8843-28977e1b82c3', 849),
('1b3105fa-527a-491f-ac26-5bfa94bfa45d', 20, 'Model X', 2019, 'bev', 75, '75D', 384, 'f37896c3-6bc5-45e1-b442-b9cbc38e3a7c', 383),
('1c13fba9-2c09-4be1-b5c6-aecd2b253afb', 19, 'Kangoo ZE', NULL, 'bev', 33, '', 278, 'c0d8a60c-34b8-44fe-8af7-9eeb62eedb4b', NULL),
('1c9126d4-24d6-4e9f-a49d-15813fa49728', 7, 'Karo', 2020, 'bev', 14.4, 'Range Plus', 703, '97d0d03a-63c6-4f33-99d7-6e944f71d7c5', NULL),
('1cec7821-632f-4f17-8a58-644b6ab23f44', 16, 'Corsa-e', 2020, 'bev', 47.5, '7,2 kW-AC', 508, '3500fb3e-bd2c-478e-ae5e-ac9ee490594b', 506),
('1d43c981-02be-4d41-a34b-65a40ff25f7b', 16, 'fortwo EQ', NULL, 'bev', 17.6, '', 282, 'a462c115-33b4-438b-b590-bc4a33382d1c', NULL),
('1e8c0cc5-20db-491f-9242-12cf3bc7b962', 15, 'A 250 e', 2020, 'phev', 10.7, '7,4 kW-AC + DC', 786, 'b2282fbe-f5d9-48d9-943f-a9b66ec51423', 784),
('22f521ce-42ca-40d7-bfdb-5d33b1bd9cbe', 16, '500e', 2020, 'bev', 42, '', 59, '3291e5ba-862c-49fa-8437-71105743875e', 58),
('2644bfd3-a593-4276-bb1f-c8965e33797e', 20, 'e-NV 200', NULL, 'bev', 24, '24 kWh 6,6 kW-AC', 213, 'dab5a47a-e8ce-4d34-9139-0701499205b1', 212),
('27d7610e-9a77-498a-b1b5-28d4bc92cbf2', 23, 'e-tron 55', 2019, 'bev', 86.5, '22kW-AC', 18, '89c2668c-0c50-4344-9386-93e4000f7673', 17),
('28b61ff5-734a-412e-9241-dec4c27d1a38', 12, 'I-on', NULL, 'bev', 14.5, '', 262, 'f458fe7d-f545-45f3-8c23-2ab8140b8b5d', 261),
('2ae110f8-8906-4b03-b4bc-83e5577c1cc1', 35, 'EV80', 2018, 'bev', 56, '', 628, '171a1e6d-8cbc-41a9-a8bb-e05b7ee98889', 626),
('2c7abcf4-0ba0-4feb-9e9b-b47661072feb', 12, 'i-Miev', NULL, 'bev', 14.5, '', 198, '3cf8cf51-60ac-4cac-9f25-131c21eda12e', 197),
('2eea1ef2-0fd1-481d-adee-68044666614e', 16, 'Mii Electric', 2020, 'bev', 32.3, 'CCS', 652, '91c527ff-aa74-4dbb-9091-36fb5ddd44b6', 650),
('2f2b159b-9b03-450f-9818-c139323d1735', 18, '500e', 2014, 'bev', 19.2, '', 54, '3291e5ba-862c-49fa-8437-71105743875e', NULL),
('3038b11b-2dfc-4f9f-b22c-4bfdc08d0c4b', 15, 'Ioniq', 2019, 'bev', 38.3, '', 87, '9771afb8-9e25-4ae6-a5b3-b2a5b9f363f0', 86),
('32922583-e434-4ed2-afc1-4d8fde67aeda', 18, 'Model S', NULL, 'bev', 81, '90', 330, 'f37896c3-6bc5-45e1-b442-b9cbc38e3a7c', 329),
('34b5ef32-efea-48fc-8386-3800d0b737f0', 19, 'Taycan', 2020, 'bev', 71, '4S', 584, '68e11a25-d316-4d22-9444-45c7306c8ab7', 582),
('355eadbb-0c97-4a66-993d-8fdc61a77ef5', 22, 'Model X', 2019, 'bev', 100, 'Performance', 360, 'f37896c3-6bc5-45e1-b442-b9cbc38e3a7c', 359),
('3667752d-17a5-4166-abaf-dcf227948bfd', 15, 'Ioniq', 2016, 'phev', 8.9, 'PHEV', 88, '9771afb8-9e25-4ae6-a5b3-b2a5b9f363f0', NULL),
('3b5bb8d1-0f34-4c05-861c-45d19a8883b9', 18, '3 Crossback E-Tense', 2020, 'bev', 46, '7,2 kW-AC', 676, '37bfdacf-1aca-4eb7-8daa-8dc5b14c59e9', 674),
('3b649ae3-935b-425b-b5d6-75c549b96d40', 16, 'Leaf', 2011, 'bev', 24, '24 kWh 6,6 kW-AC', 228, 'dab5a47a-e8ce-4d34-9139-0701499205b1', 227),
('3c933da2-1fa1-4094-825a-a181610dbfd0', 17, 'e-Soul', 2019, 'bev', 64, '64 kWh', 180, '3337d5f0-39de-4ded-831b-843dfec1ebbd', 179),
('41c9d96c-6a19-4db0-ba3a-931ab99c6f15', 14, 'Superb iV', 2020, 'phev', 13, 'PHEV', 807, '43763587-6999-406b-8843-28977e1b82c3', NULL),
('430ca2cd-bd4b-482a-8776-85a8c7d3435c', 18, '3 Crossback E-Tense', 2020, 'bev', 46, '11 kW-AC', 687, '37bfdacf-1aca-4eb7-8daa-8dc5b14c59e9', 685),
('45b68c71-cd11-4bd7-a03f-fdaae259635d', 17, 'C-Zero', NULL, 'bev', 14.5, '', 53, '3b3fc191-f4c3-45da-bc3b-21efbe1b264f', 52),
('46240342-6f7e-4767-b66d-3234ba874a30', 15, 'A 250 e', 2020, 'phev', 10.7, '7,4 kW-AC', 775, 'b2282fbe-f5d9-48d9-943f-a9b66ec51423', NULL),
('4c04db3b-c493-4b90-9859-21b7304a4ffc', 22, 'Taycan', 2020, 'bev', 83.7, 'Turbo S', 573, '68e11a25-d316-4d22-9444-45c7306c8ab7', 570),
('4dc6b014-8612-4fa7-bb34-9ea4d7fa5220', 18, 'Enyaq iV', 2020, 'bev', 58, '62 kWh 50 kW-DC', 829, '43763587-6999-406b-8843-28977e1b82c3', 827),
('4df1d4d6-f001-4d0a-b284-5ffc07e6ade2', 21, 'X5', 2020, 'phev', 21, 'PHEV', 48, '0742668c-bf59-4191-890e-2b0883508808', NULL),
('4ea0fb0a-8d77-4a03-a147-5e962f8ea766', 19, 'Kuga', 2020, 'phev', 14.4, 'PHEV', 717, '6cf9e9b6-28aa-44c7-b6c3-438d518ac12f', NULL),
('4f408d10-82c3-4850-ae2b-141f21d745b3', 15, 'Life 40', 2019, 'bev', 17.5, '', 708, '771bb157-23a2-4917-908c-810d241718d5', NULL),
('5335d545-cfeb-4bca-bb11-cf0966f1b5ca', 21, 'EQC', 2019, 'bev', 80, '', 192, 'b2282fbe-f5d9-48d9-943f-a9b66ec51423', 191),
('55ac0aaf-6bae-4a8e-ba50-4a9a7ab5b4af', 18, 'Enyaq iV', 2020, 'bev', 58, '62 kWh 100 kW-DC', 840, '43763587-6999-406b-8843-28977e1b82c3', 838),
('57184038-ae77-4540-9367-ccb98beb8cc3', 16, 'e-up', 2020, 'bev', 32.3, '', 414, '481793f5-c8b0-4dc9-b3d4-cc615085ac07', NULL),
('58661a4c-e1f9-4dc2-8d09-3bb42be62554', 17, 'e-Soul', 2019, 'bev', 39, '39 kWh', 141, '3337d5f0-39de-4ded-831b-843dfec1ebbd', 140),
('5bfa9a87-7b35-4e3a-bd3f-dc2ac55e184b', 16, 'e', 2020, 'bev', 32, '', 561, '9ca5e092-76e2-4868-afc1-c06abeedf81b', 559),
('5e1746c9-56a2-4fb9-8a76-b75c95a037ee', 17, 'Soul', NULL, 'bev', 30, '30 kWh', 136, '3337d5f0-39de-4ded-831b-843dfec1ebbd', 135),
('6033b26c-1b3c-441b-9f78-7b7cd5512051', 18, 'U5', 2020, 'bev', 63, '', 698, 'a43d2607-eead-46c2-9fd5-2ebd3c49d895', 696),
('66cb7bea-24b7-458f-ae3e-11d4a852568b', 16, 'e-Niro', 2018, 'bev', 39, '39 kWh', 126, '3337d5f0-39de-4ded-831b-843dfec1ebbd', 125),
('68cbedff-8994-4b77-bfb5-6aa22962e3a2', 17, 'e-Niro', 2020, 'bev', 64, '64 kWh', 167, '3337d5f0-39de-4ded-831b-843dfec1ebbd', 166),
('6990914a-6a0d-49d4-87f5-ee86ee33344c', 19, 'Taycan', 2020, 'bev', 83.7, '4S Plus', 595, '68e11a25-d316-4d22-9444-45c7306c8ab7', 593),
('6a3a76f6-a0d0-41ff-afc9-5ad2f0879b4d', 17, 'forfour EQ', NULL, 'bev', 17.6, '', 284, 'a462c115-33b4-438b-b590-bc4a33382d1c', NULL),
('6a4c5e58-d1cb-49ad-a1cf-c0025fb7246f', 14, 'Spark EV', 2015, 'bev', 19, '19 kWh', 763, 'cbca5847-9b23-47d9-80d3-24fa9a8ca21a', 761),
('6cc437e9-b842-4c1b-9c08-9ca2d46d22a9', 15, 'Kona', 2018, 'bev', 39.2, '39 kWh', 70, '9771afb8-9e25-4ae6-a5b3-b2a5b9f363f0', 69),
('6cd5ba89-6523-4bca-9423-ea92227a8b8d', 16, 'Focus electric', 2013, 'bev', 23, '', 65, '6cf9e9b6-28aa-44c7-b6c3-438d518ac12f', NULL),
('6f96c616-e87a-4958-bbe7-b4278be00170', 16, 'Corsa-e', 2020, 'bev', 47.5, '11 kW-AC', 533, '3500fb3e-bd2c-478e-ae5e-ac9ee490594b', 531),
('6fa12374-6162-451e-8464-5e0e73091839', 17, 'Captur E-Tech', 2020, 'phev', 9.8, 'PHEV', 801, 'c0d8a60c-34b8-44fe-8af7-9eeb62eedb4b', NULL),
('71cc8552-391f-49b0-b106-2202fa222161', 16, 'B-Klasse', NULL, 'bev', 28, '', 193, 'b2282fbe-f5d9-48d9-943f-a9b66ec51423', NULL),
('72695d36-29c4-4726-8ca8-5333fb3f9865', 18, 'e-2008', 2020, 'bev', 47.5, '7,2 kW-AC', 473, 'f458fe7d-f545-45f3-8c23-2ab8140b8b5d', 472),
('737441e8-6b5f-4185-9b0b-e51585ab6ea8', 16, 'Zoe', 2017, 'bev', 41, 'R 90', 265, 'c0d8a60c-34b8-44fe-8af7-9eeb62eedb4b', NULL),
('7490520f-fe11-4148-a9b6-3882f06ee082', 20, 'Model X', 2017, 'bev', 100, '100D', 366, 'f37896c3-6bc5-45e1-b442-b9cbc38e3a7c', 365),
('74f2c3a5-f78f-459a-823a-dfc0a21e5aeb', 16, 'Leaf', 2015, 'bev', 30, '30 kWh 6,6 kW-AC', 240, 'dab5a47a-e8ce-4d34-9139-0701499205b1', 239),
('7508892b-e7e7-42ba-9cca-57753426cd86', 16, 'Spark EV', 2013, 'bev', 21.3, '21 kWh', 753, 'cbca5847-9b23-47d9-80d3-24fa9a8ca21a', 751),
('77028f96-eb9b-4c65-b452-c92011b1fc1c', 16, 'Leaf', 2017, 'bev', 38, '40 kWh', 246, 'dab5a47a-e8ce-4d34-9139-0701499205b1', 245),
('785c65be-3122-44ad-b574-9291c0793c37', 16, 'fortwo ED', NULL, 'bev', 17.6, '', 280, 'a462c115-33b4-438b-b590-bc4a33382d1c', NULL),
('78b14a0f-5c62-4885-95ef-2e3f81197260', 17, 'Leaf', 2019, 'bev', 62, 'e+ 62 kWh', 251, 'dab5a47a-e8ce-4d34-9139-0701499205b1', 250),
('7ba60564-7eda-457b-b7d5-46dd1b15cc0e', 15, '3008', 2020, 'phev', 11.2, 'HYbrid4 7,4 kW-AC', 769, 'f458fe7d-f545-45f3-8c23-2ab8140b8b5d', NULL),
('7dbad968-7058-4440-9c8f-8f483cdd973a', 16, 'Model 3', NULL, 'bev', 72.5, 'Performance', 303, 'f37896c3-6bc5-45e1-b442-b9cbc38e3a7c', 302),
('7de25a64-e9fa-484f-bf99-d02b02cfb17d', 16, 'Model 3', NULL, 'bev', 74, 'LR', 297, 'f37896c3-6bc5-45e1-b442-b9cbc38e3a7c', 296),
('7f4bf402-f8e2-47da-b456-30f1bdfce8ac', 16, 'Ampera e-Pionier', 2012, 'bev', 10.6, '', 257, '3500fb3e-bd2c-478e-ae5e-ac9ee490594b', NULL),
('7f709186-39c3-420f-9caf-1fdb424f7953', 18, 'Model S', NULL, 'bev', 72.5, '75', 318, 'f37896c3-6bc5-45e1-b442-b9cbc38e3a7c', 317),
('805b5810-074c-449b-ad19-d6c852ebf8f6', 17, 'forfour EQ', NULL, 'bev', 17.6, '22 kW-AC', 285, 'a462c115-33b4-438b-b590-bc4a33382d1c', NULL),
('80e7ef22-27f8-4e93-8c86-7a6a0a227e5d', 18, 'Model S', NULL, 'bev', 67, '70', 308, 'f37896c3-6bc5-45e1-b442-b9cbc38e3a7c', 307),
('83ec0576-bfb8-400a-9af9-483b2684673c', 16, 'Leaf', 2015, 'bev', 30, '30 kWh', 234, 'dab5a47a-e8ce-4d34-9139-0701499205b1', 233),
('84f2fcc1-cc73-4919-8d76-0f1ba8eaf685', 11, 'XCeed', 2020, 'phev', 8.9, 'PHEV', 795, '3337d5f0-39de-4ded-831b-843dfec1ebbd', NULL),
('86290f48-f554-4db5-bd35-4a8b7828689a', 20, 'e-NV 200', NULL, 'bev', 24, '24 kWh', 208, 'dab5a47a-e8ce-4d34-9139-0701499205b1', 207),
('87e73c44-93ba-4687-877c-32a3aa940a09', 17, 'e-Soul', 2020, 'bev', 64, '64 kWh 11 kW-AC', 185, '3337d5f0-39de-4ded-831b-843dfec1ebbd', 184),
('8b0195b6-5318-46d9-a6fd-1b5f75e8b495', 19, 'ZS EV', 2020, 'bev', 44.5, '', 617, '5663b87a-d940-4bab-9846-d74c8c0ae260', 615),
('8b51a06f-676a-46aa-9074-4d3364ea1cca', 31, 'GLE', 2020, 'phev', 31.2, '350 de/e', 873, 'b2282fbe-f5d9-48d9-943f-a9b66ec51423', 871),
('8cfce5f4-23b6-470a-87fa-a04095fe0334', 13, 'Countryman ALL4', 2019, 'phev', 7.6, '', 539, '6d9d9248-de4a-4b13-976b-4e9f6688b0b1', NULL),
('8da12395-cf7a-4ccf-886f-e25ade426457', 23, 'i-Pace', NULL, 'bev', 84, '', 121, '61fc79a2-04ca-418e-9333-caf5f67ba02f', 120),
('8df35b23-dcc6-4590-83c7-5578da4c4809', 15, 'Kona', 2018, 'bev', 64, '64 kWh', 101, '9771afb8-9e25-4ae6-a5b3-b2a5b9f363f0', 100),
('8f6db2f5-1dd9-46f6-bb97-eba419dbaea4', 8, 'Twizy', NULL, 'bev', 6.1, '', 279, 'c0d8a60c-34b8-44fe-8af7-9eeb62eedb4b', NULL),
('908e578f-f890-4716-93e8-7c0f75e46bb5', 21, 'Model X', 2016, 'bev', 90, 'P90D', 354, 'f37896c3-6bc5-45e1-b442-b9cbc38e3a7c', 353),
('926efa33-4c55-43df-80f3-4b8d2d65a00a', 16, 'e-208', 2020, 'bev', 47.5, '7,2 kW-AC', 449, 'f458fe7d-f545-45f3-8c23-2ab8140b8b5d', 448),
('92ffd46c-fe26-4805-81ba-fbadce4d524f', 16, 'Model X', 2016, 'bev', 60, '60D', 390, 'f37896c3-6bc5-45e1-b442-b9cbc38e3a7c', 389),
('93c82e06-1aa3-4c19-8f81-b9fac0c598c3', 15, 'Model 3', NULL, 'bev', 50, 'SR+', 291, 'f37896c3-6bc5-45e1-b442-b9cbc38e3a7c', 290),
('9666138c-1d24-4fa8-9083-0ffba09ab1ef', 15, 'Zoe', 2013, 'bev', 22, 'Q 210', 263, 'c0d8a60c-34b8-44fe-8af7-9eeb62eedb4b', NULL),
('975b064b-626e-4318-b60c-3ce0729743fd', 15, 'Life 20', 2019, 'bev', 14.5, '', 711, '771bb157-23a2-4917-908c-810d241718d5', NULL),
('98aacbc9-5a97-4fe4-abcf-4f7bb2910a9f', 15, 'Life 60', 2019, 'bev', 21, '', 706, '771bb157-23a2-4917-908c-810d241718d5', NULL),
('9d101a26-eaaa-4058-a251-5221b45ffd91', 18, 'e-2008', 2020, 'bev', 47.5, '11 kW-AC', 481, 'f458fe7d-f545-45f3-8c23-2ab8140b8b5d', 479),
('a0347619-a7fe-4dd2-be4e-3ef615783481', 16, 'e-up', 2013, 'bev', 16.5, 'CCS', 410, '481793f5-c8b0-4dc9-b3d4-cc615085ac07', 409),
('a12f033f-f2c2-44bd-b62c-7019898a72d0', 21, 'Taycan', 2020, 'bev', 83.7, 'Turbo ', 606, '68e11a25-d316-4d22-9444-45c7306c8ab7', 604),
('a883bb35-270d-4f31-9169-ccf06ae3c0c5', 9, 'Niro', 2020, 'phev', 8.9, 'PHEV', 798, '3337d5f0-39de-4ded-831b-843dfec1ebbd', NULL),
('a9a177bf-9ce5-4b67-b3ef-51af248b48c2', 23, 'e-tron 55', 2019, 'bev', 86.5, '', 10, '89c2668c-0c50-4344-9386-93e4000f7673', 9),
('aa69b5e8-fc4e-40f8-8060-2c96248f62ef', 19, 'Enyaq iV', 2020, 'bev', 77, '82 kWh 125 kW-DC', 862, '43763587-6999-406b-8843-28977e1b82c3', 860),
('ac812f08-3c8a-4af5-a07a-b520ec9e16cc', 24, 'XC 60 T8', 2018, 'phev', 10.4, '', 714, '2e55ea02-c829-4256-94fd-ffc971a1dd8e', NULL),
('add28704-7b59-474d-bfa6-2338e54ccaef', 17, 'Soul', NULL, 'bev', 27, '27 kWh', 131, '3337d5f0-39de-4ded-831b-843dfec1ebbd', 130),
('b0da6660-c20e-40c3-9db7-0b19c478c6cb', 18, 'GLC 300 de 4MATIC', 2020, 'phev', 13.5, 'PHEV', 804, 'b2282fbe-f5d9-48d9-943f-a9b66ec51423', NULL),
('b3fd3e84-4dd4-4ac0-914f-3c3c582fc600', 15, 'Zoe', 2015, 'bev', 22, 'R 240', 264, 'c0d8a60c-34b8-44fe-8af7-9eeb62eedb4b', NULL),
('b5aa307e-a6b9-46e7-939e-2dd525870c13', 18, 'Model S', NULL, 'bev', 95, '100', 336, 'f37896c3-6bc5-45e1-b442-b9cbc38e3a7c', 335),
('b7c4ddb8-4806-4328-a4e6-4abb4746016d', 20, 'Model X', 2019, 'bev', 75, 'Standard Range', 378, 'f37896c3-6bc5-45e1-b442-b9cbc38e3a7c', 377),
('b8a76fa8-97f1-4f27-8f9f-80f26df230d1', 12, 'Bolt', 2017, 'bev', 58, '60 kWh', 743, 'cbca5847-9b23-47d9-80d3-24fa9a8ca21a', 741),
('b97f749b-5361-4116-8103-c208dc601a0b', 11, 'Ceed SW', 2020, 'phev', 8.9, 'PHEV', 792, '3337d5f0-39de-4ded-831b-843dfec1ebbd', NULL),
('bad55b90-4b4f-4760-83ea-fa96280e7310', 16, 'e-Golf', 2017, 'bev', 31.5, '', 412, '481793f5-c8b0-4dc9-b3d4-cc615085ac07', NULL),
('bcd8700d-241c-43a1-b9df-24ee310ea8e4', 16, 'e-up', 2013, 'bev', 16.5, '', 413, '481793f5-c8b0-4dc9-b3d4-cc615085ac07', NULL),
('c0a26929-1157-4fb4-a999-4f172df9cad7', 16, 'Focus electric', 2017, 'bev', 33.5, '', 64, '6cf9e9b6-28aa-44c7-b6c3-438d518ac12f', 63),
('c1fd1277-5d77-416b-bb25-84bd21f57963', 15, 'Kona', 2020, 'bev', 64, '64 kWh', 114, '9771afb8-9e25-4ae6-a5b3-b2a5b9f363f0', 113),
('c53b5947-23a3-420c-9798-f3846732e41a', 16, 'Zoe', 2019, 'bev', 41, 'R110 ZE 40', 271, 'c0d8a60c-34b8-44fe-8af7-9eeb62eedb4b', 270),
('c576bee8-8066-4174-bc69-5fe9f2e666ee', 14, 'Ioniq', 2016, 'bev', 28, '', 82, '9771afb8-9e25-4ae6-a5b3-b2a5b9f363f0', 81),
('c6a6bd26-6a8f-4ab7-baf3-6cfa057044e3', 22, 'e-tron 50', 2019, 'bev', 65, '', 23, '89c2668c-0c50-4344-9386-93e4000f7673', 22),
('c8e05c0b-05c0-4aac-9f12-35a6a3687e10', 12, 'A3 Sportback 40 e-tron', 2020, 'phev', 8.8, '', 29, '89c2668c-0c50-4344-9386-93e4000f7673', NULL),
('c9025ab4-1c85-40d8-86ab-ee406de3b716', 17, '2', 2020, 'bev', 72.5, '', 639, '391f000f-d9d1-4c13-b744-95f0b9c8a2e1', 637),
('cb995cc3-84d9-4c87-89dc-f9dee7a47156', 17, 'ID.3', 2020, 'bev', 77, 'Long Range', 435, '481793f5-c8b0-4dc9-b3d4-cc615085ac07', 434),
('d03d6e42-d6f8-4e3f-b527-a3c1d1e40f9d', 20, 'Model X', 2016, 'bev', 90, '90D', 342, 'f37896c3-6bc5-45e1-b442-b9cbc38e3a7c', 341),
('d8044adf-2538-4d45-b2d8-2b2fd0951766', 16, 'ID.3', 2020, 'bev', 58, 'Mid Range', 430, '481793f5-c8b0-4dc9-b3d4-cc615085ac07', 429),
('d8c11860-a582-4784-9e58-d29e94a67fc2', 16, 'Cooper SE', 2020, 'bev', 28.9, '', 550, '6d9d9248-de4a-4b13-976b-4e9f6688b0b1', 548),
('d97748b1-e384-4238-a225-d498bccd902c', 6, 'Karo', 2020, 'bev', 8, 'Range', 701, '97d0d03a-63c6-4f33-99d7-6e944f71d7c5', NULL),
('daa3573d-60ea-4c7a-8048-79c575e3db4c', 20, 'e-NV 200', NULL, 'bev', 38, '40 kWh', 218, 'dab5a47a-e8ce-4d34-9139-0701499205b1', 217),
('dbf24ffc-3270-409b-b4da-ec386fa36657', 16, 'i3', NULL, 'bev', 37.9, '120 Ah', 47, '0742668c-bf59-4191-890e-2b0883508808', 46),
('dc7d163b-29bc-45cf-8156-60eb3e3b1294', 16, 'Leaf', 2011, 'bev', 24, '24 kWh', 223, 'dab5a47a-e8ce-4d34-9139-0701499205b1', 222),
('de3a8751-00c9-46d1-9e7a-ad830835c6a7', 16, 'Zoe', 2019, 'bev', 52, 'ZE50', 277, 'c0d8a60c-34b8-44fe-8af7-9eeb62eedb4b', 276),
('de7bac96-33ed-44f2-964e-21a4878e9f00', 16, 'e-208', 2020, 'bev', 47.5, '11 kW-AC', 461, 'f458fe7d-f545-45f3-8c23-2ab8140b8b5d', 460),
('e3525b59-d3b9-4eef-9a01-1408358c5534', 16, 'fortwo ED', NULL, 'bev', 17.6, '22 kW-AC', 281, 'a462c115-33b4-438b-b590-bc4a33382d1c', NULL),
('e604a056-9338-4044-93dd-5a595d4a3ef3', 16, 'Zoe', 2017, 'bev', 41, 'Q 90', 266, 'c0d8a60c-34b8-44fe-8af7-9eeb62eedb4b', NULL),
('e60a8ec6-a6dd-46ae-846a-35cb57f1d8e3', 20, 'Partner', NULL, 'bev', 22.5, '', 483, 'f458fe7d-f545-45f3-8c23-2ab8140b8b5d', NULL),
('e67dc450-d658-4bee-bd0f-a750d445b2f9', 14, 'i3', NULL, 'bev', 18.8, '60 Ah', 36, '0742668c-bf59-4191-890e-2b0883508808', 35),
('e81564b0-46e3-41f6-b6a6-70370a37f685', 15, 'Kona', 2020, 'bev', 39.2, '39 kWh 11 kW-AC', 75, '9771afb8-9e25-4ae6-a5b3-b2a5b9f363f0', 74),
('e8773876-6036-4a6c-926e-5490aae58971', 17, 'Berlingo Electric', NULL, 'bev', 22.5, '', 536, '3b3fc191-f4c3-45da-bc3b-21efbe1b264f', NULL),
('eb8d28ec-8df7-40a8-8dd7-badf738f0832', 20, 'Model X', 2019, 'bev', 100, 'Maximum Range', 372, 'f37896c3-6bc5-45e1-b442-b9cbc38e3a7c', 371),
('ec3b0af7-67c6-400d-b3c2-aa2f3be24c8a', 16, 'Passat GTE', 2019, 'phev', 13.1, '', 437, '481793f5-c8b0-4dc9-b3d4-cc615085ac07', NULL),
('ed3fe177-d852-49bd-84ca-8ecd8d7ec3b1', 18, 'Model S', NULL, 'bev', 67, '70, 22 kW-AC', 313, 'f37896c3-6bc5-45e1-b442-b9cbc38e3a7c', 312),
('ee64213e-fa1d-425e-b90e-6cff9c2a3469', 17, '7 Crossback', 2020, 'phev', 13.2, 'E-Tense 4X4 PHEV', 789, '37bfdacf-1aca-4eb7-8daa-8dc5b14c59e9', NULL),
('f0132135-9415-4403-818b-cee07f81ceb2', 16, 'e-Golf', 2017, 'bev', 31.5, 'CCS', 403, '481793f5-c8b0-4dc9-b3d4-cc615085ac07', 402),
('f0b185de-9b9d-4a08-924f-450c4dadc7a6', 16, 'fortwo EQ', NULL, 'bev', 17.6, '22 kW-AC', 283, 'a462c115-33b4-438b-b590-bc4a33382d1c', NULL),
('f1b46b0a-b101-4072-a246-0b52f0cc51f5', 15, 'e-Golf', 2014, 'bev', 21.2, 'CCS', 397, '481793f5-c8b0-4dc9-b3d4-cc615085ac07', 396),
('f33f0a4f-9b53-4e21-807b-f8b2ca4a24f6', 17, 'Ampera e', 2017, 'bev', 60, 'CCS', 256, '3500fb3e-bd2c-478e-ae5e-ac9ee490594b', 255),
('f45de10a-764f-4a7e-9591-b974d0b87038', 15, 'A 250 e', 2020, 'phev', 10.7, '3,7 kW-AC', 772, 'b2282fbe-f5d9-48d9-943f-a9b66ec51423', NULL),
('fc5b3c94-c0eb-4515-af3d-4a4106ffe29f', 16, 'e-up', 2020, 'bev', 32.3, 'CCS', 420, '481793f5-c8b0-4dc9-b3d4-cc615085ac07', 419),
('fda95cb7-d391-4344-851e-a1b5a548b42b', 15, 'e-Golf', 2014, 'bev', 21.2, '', 411, '481793f5-c8b0-4dc9-b3d4-cc615085ac07', NULL),
('ff261470-8556-4051-afec-c049abd5fe6a', 18, 'Enyaq iV', 2020, 'bev', 52, '55 kWh', 818, '43763587-6999-406b-8843-28977e1b82c3', 816),
('ffcd3116-4e17-49ff-a926-941c062643ea', 16, 'CITIGOe iV', 2020, 'bev', 32.3, 'CCS', 665, '43763587-6999-406b-8843-28977e1b82c3', 663);

-- --------------------------------------------------------

--
-- Table structure for table `charging_curve_point`
--

CREATE TABLE `charging_curve_point` (
  `id` bigint NOT NULL,
  `percentage` int NOT NULL,
  `power` int NOT NULL
) ENGINE=InnoDB DEFAULT CHARSET=utf8mb4 COLLATE=utf8mb4_0900_ai_ci;

--
-- Dumping data for table `charging_curve_point`
--

INSERT INTO `charging_curve_point` (`id`, `percentage`, `power`) VALUES
(3, 0, 137),
(4, 70, 155),
(5, 72, 150),
(6, 78, 120),
(7, 82, 105),
(8, 100, 50),
(11, 0, 137),
(12, 70, 155),
(13, 72, 150),
(14, 78, 120),
(15, 82, 105),
(16, 100, 50),
(19, 0, 118),
(20, 75, 125),
(21, 100, 11),
(24, 0, 118),
(25, 75, 125),
(26, 100, 22),
(30, 0, 43),
(31, 30, 47),
(32, 33, 44),
(33, 62, 44),
(34, 100, 3),
(37, 0, 44),
(38, 60, 46),
(39, 80, 50),
(40, 100, 3),
(43, 0, 44),
(44, 85, 50),
(45, 100, 3),
(49, 0, 47),
(50, 75, 50),
(51, 100, 3),
(55, 0, 80),
(56, 75, 85),
(57, 100, 11),
(60, 0, 47),
(61, 75, 50),
(62, 100, 6),
(66, 0, 47),
(67, 75, 50),
(68, 100, 7),
(71, 0, 47),
(72, 75, 50),
(73, 100, 11),
(76, 0, 60),
(77, 76, 69),
(78, 84, 23),
(79, 92, 23),
(80, 100, 10),
(83, 0, 44),
(84, 75, 47),
(85, 100, 7),
(89, 0, 70),
(90, 40, 77),
(91, 42, 70),
(92, 53, 71),
(93, 55, 57),
(94, 71, 58),
(95, 72, 38),
(96, 76, 38),
(97, 78, 25),
(98, 88, 25),
(99, 100, 8),
(102, 0, 70),
(103, 40, 77),
(104, 42, 70),
(105, 53, 71),
(106, 55, 57),
(107, 71, 58),
(108, 72, 38),
(109, 76, 38),
(110, 78, 25),
(111, 88, 25),
(112, 100, 8),
(115, 0, 100),
(116, 30, 105),
(117, 80, 55),
(118, 90, 37),
(119, 100, 12),
(122, 0, 47),
(123, 75, 50),
(124, 100, 7),
(127, 0, 47),
(128, 75, 50),
(129, 100, 6),
(132, 0, 47),
(133, 75, 50),
(134, 100, 6),
(137, 0, 47),
(138, 75, 50),
(139, 100, 7),
(142, 0, 70),
(143, 40, 77),
(144, 42, 70),
(145, 53, 71),
(146, 55, 57),
(147, 71, 58),
(148, 72, 38),
(149, 76, 38),
(150, 78, 25),
(151, 88, 25),
(152, 100, 8),
(155, 0, 70),
(156, 40, 77),
(157, 42, 70),
(158, 53, 71),
(159, 55, 57),
(160, 71, 58),
(161, 72, 38),
(162, 76, 38),
(163, 78, 25),
(164, 88, 25),
(165, 100, 8),
(168, 0, 70),
(169, 40, 77),
(170, 42, 70),
(171, 53, 71),
(172, 55, 57),
(173, 71, 58),
(174, 72, 38),
(175, 76, 38),
(176, 78, 25),
(177, 88, 25),
(178, 100, 8),
(181, 0, 73),
(182, 75, 77),
(183, 100, 11),
(186, 0, 105),
(187, 39, 125),
(188, 70, 87),
(189, 84, 68),
(190, 100, 25),
(194, 0, 47),
(195, 75, 50),
(196, 100, 3),
(199, 0, 20),
(200, 75, 22),
(201, 100, 3),
(204, 0, 43),
(205, 75, 46),
(206, 100, 3),
(209, 0, 43),
(210, 75, 46),
(211, 100, 6),
(214, 0, 43),
(215, 75, 46),
(216, 100, 6),
(219, 0, 40),
(220, 22, 46),
(221, 100, 10),
(224, 0, 40),
(225, 22, 46),
(226, 100, 10),
(229, 0, 41),
(230, 80, 47),
(231, 90, 30),
(232, 100, 10),
(235, 0, 41),
(236, 80, 47),
(237, 90, 30),
(238, 100, 10),
(241, 0, 41),
(242, 62, 45),
(243, 65, 36),
(244, 100, 15),
(247, 0, 95),
(248, 75, 100),
(249, 100, 6),
(252, 0, 45),
(253, 50, 45),
(254, 100, 15),
(258, 0, 47),
(259, 75, 50),
(260, 100, 3),
(267, 0, 42),
(268, 75, 45),
(269, 100, 22),
(272, 0, 41),
(273, 52, 46),
(274, 80, 27),
(275, 100, 22),
(286, 0, 130),
(287, 52, 149),
(288, 60, 110),
(289, 100, 12),
(292, 0, 180),
(293, 40, 195),
(294, 60, 110),
(295, 100, 12),
(298, 0, 180),
(299, 40, 195),
(300, 60, 110),
(301, 100, 12),
(304, 0, 95),
(305, 75, 100),
(306, 100, 11),
(309, 0, 95),
(310, 75, 100),
(311, 100, 22),
(314, 0, 114),
(315, 75, 120),
(316, 100, 16),
(319, 0, 125),
(320, 43, 140),
(321, 80, 37),
(322, 100, 12),
(325, 0, 125),
(326, 43, 140),
(327, 80, 37),
(328, 100, 12),
(331, 0, 125),
(332, 43, 140),
(333, 80, 37),
(334, 100, 12),
(337, 0, 125),
(338, 43, 140),
(339, 80, 37),
(340, 100, 12),
(343, 0, 125),
(344, 43, 140),
(345, 80, 37),
(346, 100, 12),
(349, 0, 125),
(350, 43, 140),
(351, 80, 37),
(352, 100, 12),
(355, 0, 125),
(356, 43, 140),
(357, 80, 37),
(358, 100, 12),
(361, 0, 125),
(362, 43, 140),
(363, 80, 37),
(364, 100, 12),
(367, 0, 125),
(368, 43, 140),
(369, 80, 37),
(370, 100, 12),
(373, 0, 125),
(374, 43, 140),
(375, 80, 37),
(376, 100, 12),
(379, 0, 125),
(380, 43, 140),
(381, 80, 37),
(382, 100, 12),
(385, 0, 125),
(386, 43, 140),
(387, 80, 37),
(388, 100, 12),
(391, 0, 40),
(392, 76, 44),
(393, 81, 25),
(394, 93, 16),
(395, 100, 8),
(398, 0, 39),
(399, 60, 40),
(400, 80, 37),
(401, 100, 10),
(404, 0, 40),
(405, 76, 44),
(406, 81, 25),
(407, 93, 16),
(408, 100, 8),
(415, 0, 32),
(416, 27, 34),
(417, 80, 14),
(418, 100, 7),
(421, 0, 47),
(422, 75, 50),
(423, 100, 7),
(426, 0, 95),
(427, 75, 100),
(428, 100, 11),
(431, 0, 118),
(432, 75, 125),
(433, 100, 11),
(438, 0, 97),
(439, 16, 97),
(440, 17, 78),
(441, 46, 78),
(442, 47, 52),
(443, 68, 52),
(444, 69, 27),
(445, 83, 27),
(446, 84, 11),
(447, 100, 11),
(450, 0, 97),
(451, 16, 97),
(452, 17, 78),
(453, 46, 78),
(454, 47, 52),
(455, 68, 52),
(456, 69, 27),
(457, 83, 27),
(458, 84, 11),
(459, 100, 11),
(462, 0, 97),
(463, 16, 97),
(464, 17, 78),
(465, 46, 78),
(466, 47, 52),
(467, 68, 52),
(468, 69, 27),
(469, 83, 27),
(470, 84, 11),
(471, 100, 11),
(474, 0, 95),
(475, 75, 100),
(477, 100, 11),
(486, 0, 97),
(488, 16, 97),
(490, 17, 78),
(492, 46, 78),
(494, 47, 52),
(496, 68, 52),
(498, 69, 27),
(500, 83, 27),
(502, 84, 11),
(504, 100, 11),
(511, 0, 97),
(513, 16, 97),
(515, 17, 78),
(517, 46, 78),
(519, 47, 52),
(521, 68, 52),
(523, 69, 27),
(525, 83, 27),
(527, 84, 11),
(529, 100, 11),
(542, 0, 47),
(544, 75, 50),
(546, 100, 11),
(553, 0, 57),
(555, 75, 60),
(557, 100, 6),
(564, 0, 256),
(566, 75, 270),
(568, 100, 11),
(576, 0, 213),
(578, 75, 225),
(580, 100, 11),
(587, 0, 256),
(589, 75, 270),
(591, 100, 11),
(598, 0, 256),
(600, 75, 270),
(602, 100, 11),
(609, 0, 52),
(611, 75, 55),
(613, 100, 6),
(620, 0, 26),
(622, 75, 28),
(624, 100, 6),
(631, 0, 142),
(633, 75, 150),
(635, 100, 11),
(642, 0, 32),
(644, 27, 34),
(646, 80, 14),
(648, 100, 7),
(655, 0, 32),
(657, 27, 34),
(659, 80, 14),
(661, 100, 7),
(668, 0, 95),
(670, 75, 100),
(672, 100, 7),
(679, 0, 95),
(681, 75, 100),
(683, 100, 11),
(690, 0, 95),
(692, 75, 100),
(694, 100, 6),
(720, 0, 47),
(722, 75, 50),
(724, 100, 6),
(731, 0, 55),
(733, 56, 38),
(735, 68, 24),
(737, 85, 16),
(739, 100, 0),
(745, 0, 47),
(747, 75, 50),
(749, 100, 3),
(756, 0, 47),
(758, 75, 50),
(760, 100, 3),
(778, 0, 22),
(780, 75, 24),
(782, 100, 7),
(810, 0, 47),
(812, 75, 50),
(814, 100, 7),
(821, 0, 47),
(823, 75, 50),
(825, 100, 11),
(832, 0, 95),
(834, 75, 100),
(836, 100, 11),
(843, 0, 47),
(845, 75, 50),
(847, 100, 11),
(854, 0, 118),
(856, 75, 125),
(858, 100, 11),
(865, 0, 57),
(867, 75, 60),
(869, 100, 7);

-- --------------------------------------------------------

--
-- Table structure for table `charging_point`
--

CREATE TABLE `charging_point` (
  `id` bigint NOT NULL,
  `operator_id` bigint DEFAULT NULL
) ENGINE=InnoDB DEFAULT CHARSET=utf8mb4 COLLATE=utf8mb4_0900_ai_ci;

--
-- Dumping data for table `charging_point`
--

INSERT INTO `charging_point` (`id`, `operator_id`) VALUES
(480, 476),
(762, 476),
(3352, 476),
(487, 484),
(495, 491),
(503, 499),
(510, 507),
(518, 514),
(526, 522),
(534, 530),
(540, 537),
(547, 543),
(554, 551),
(1822, 551),
(562, 558),
(569, 565),
(575, 572),
(583, 579),
(590, 586),
(597, 594),
(605, 601),
(612, 608),
(619, 616),
(627, 623),
(634, 630),
(1556, 630),
(1633, 630),
(2503, 630),
(3256, 630),
(641, 638),
(649, 645),
(656, 653),
(664, 660),
(671, 667),
(678, 675),
(686, 682),
(693, 689),
(700, 697),
(707, 704),
(713, 710),
(719, 716),
(727, 723),
(734, 730),
(742, 738),
(750, 746),
(757, 754),
(767, 764),
(773, 770),
(779, 776),
(787, 783),
(793, 790),
(799, 796),
(805, 802),
(811, 808),
(819, 815),
(826, 822),
(833, 830),
(841, 837),
(848, 844),
(855, 852),
(863, 859),
(870, 866),
(876, 874),
(880, 878),
(884, 882),
(888, 886),
(892, 890),
(896, 894),
(900, 898),
(904, 902),
(908, 906),
(912, 910),
(916, 914),
(920, 918),
(924, 922),
(928, 926),
(932, 930),
(936, 934),
(940, 938),
(944, 942),
(948, 946),
(952, 950),
(2323, 950),
(2324, 950),
(2325, 950),
(2342, 950),
(2347, 950),
(2597, 950),
(956, 954),
(960, 958),
(964, 962),
(968, 966),
(972, 970),
(976, 974),
(980, 978),
(984, 982),
(988, 986),
(992, 990),
(996, 994),
(1000, 998),
(1004, 1002),
(1008, 1006),
(1012, 1010),
(1016, 1014),
(1020, 1018),
(1024, 1022),
(1028, 1026),
(1032, 1030),
(1036, 1034),
(1040, 1038),
(1044, 1042),
(1048, 1046),
(1052, 1050),
(1056, 1054),
(1060, 1058),
(1064, 1062),
(1068, 1066),
(1072, 1070),
(1076, 1074),
(1080, 1078),
(1084, 1082),
(1088, 1086),
(1092, 1090),
(1096, 1094),
(1104, 1100),
(1108, 1106),
(1112, 1110),
(1116, 1114),
(1120, 1118),
(1124, 1122),
(1128, 1126),
(1132, 1130),
(1136, 1134),
(1140, 1138),
(1144, 1142),
(1148, 1146),
(1152, 1150),
(1156, 1154),
(1160, 1158),
(1164, 1162),
(1168, 1166),
(1170, 1166),
(1171, 1166),
(1172, 1166),
(1173, 1166),
(1174, 1166),
(1175, 1166),
(1176, 1166),
(1177, 1166),
(1178, 1166),
(1179, 1166),
(1180, 1166),
(1181, 1166),
(1182, 1166),
(1183, 1166),
(1184, 1166),
(1185, 1166),
(1186, 1166),
(1187, 1166),
(1188, 1166),
(1189, 1166),
(1190, 1166),
(1191, 1166),
(1192, 1166),
(1193, 1166),
(1194, 1166),
(1195, 1166),
(1196, 1166),
(1197, 1166),
(1198, 1166),
(1199, 1166),
(1200, 1166),
(1201, 1166),
(1202, 1166),
(1203, 1166),
(1204, 1166),
(1205, 1166),
(1206, 1166),
(1207, 1166),
(1208, 1166),
(1209, 1166),
(1210, 1166),
(1211, 1166),
(1212, 1166),
(1213, 1166),
(1214, 1166),
(1215, 1166),
(1216, 1166),
(1217, 1166),
(1218, 1166),
(1219, 1166),
(1220, 1166),
(1221, 1166),
(1222, 1166),
(1223, 1166),
(1224, 1166),
(1225, 1166),
(1226, 1166),
(1227, 1166),
(1228, 1166),
(1229, 1166),
(1230, 1166),
(1231, 1166),
(1244, 1166),
(1349, 1166),
(1350, 1166),
(1351, 1166),
(1352, 1166),
(1353, 1166),
(1354, 1166),
(1355, 1166),
(1356, 1166),
(1357, 1166),
(1358, 1166),
(1359, 1166),
(1360, 1166),
(1361, 1166),
(1362, 1166),
(1363, 1166),
(1364, 1166),
(1365, 1166),
(1366, 1166),
(1375, 1166),
(1384, 1166),
(1385, 1166),
(1386, 1166),
(1427, 1166),
(1428, 1166),
(1429, 1166),
(1430, 1166),
(1443, 1166),
(1444, 1166),
(1445, 1166),
(1446, 1166),
(1447, 1166),
(1234, 1232),
(1238, 1236),
(1242, 1240),
(1247, 1245),
(1251, 1249),
(1255, 1253),
(1259, 1257),
(1263, 1261),
(1267, 1265),
(1271, 1269),
(1275, 1273),
(1279, 1277),
(1283, 1281),
(1287, 1285),
(1291, 1289),
(1295, 1293),
(1299, 1297),
(1303, 1301),
(1307, 1305),
(1311, 1309),
(1315, 1313),
(1319, 1317),
(1323, 1321),
(1327, 1325),
(1331, 1329),
(1335, 1333),
(1339, 1337),
(1343, 1341),
(1347, 1345),
(1369, 1367),
(1373, 1371),
(1378, 1376),
(1382, 1380),
(1389, 1387),
(1393, 1391),
(1397, 1395),
(1401, 1399),
(1405, 1403),
(1409, 1407),
(1413, 1411),
(1417, 1415),
(1421, 1419),
(1425, 1423),
(1433, 1431),
(1437, 1435),
(1441, 1439),
(1450, 1448),
(1454, 1452),
(1458, 1456),
(1462, 1460),
(1466, 1464),
(1470, 1468),
(1474, 1472),
(1478, 1476),
(1482, 1480),
(1486, 1484),
(1490, 1488),
(1494, 1492),
(1498, 1496),
(1502, 1500),
(1506, 1504),
(1510, 1508),
(1514, 1512),
(1518, 1516),
(1522, 1520),
(1526, 1524),
(1530, 1528),
(1534, 1532),
(1538, 1536),
(1542, 1540),
(1546, 1544),
(1550, 1548),
(1554, 1552),
(1559, 1557),
(1563, 1561),
(1567, 1565),
(1571, 1569),
(1575, 1573),
(1579, 1577),
(1583, 1581),
(1587, 1585),
(1591, 1589),
(1595, 1593),
(1599, 1597),
(1603, 1601),
(1607, 1605),
(1611, 1609),
(1615, 1613),
(1619, 1617),
(1623, 1621),
(1627, 1625),
(1631, 1629),
(1636, 1634),
(1640, 1638),
(1644, 1642),
(1648, 1646),
(1652, 1650),
(1656, 1654),
(1660, 1658),
(1664, 1662),
(1668, 1666),
(1672, 1670),
(1676, 1674),
(1680, 1678),
(1684, 1682),
(1688, 1686),
(1692, 1690),
(1696, 1694),
(1700, 1698),
(1704, 1702),
(1708, 1706),
(1712, 1710),
(1716, 1714),
(1720, 1718),
(1724, 1722),
(1728, 1726),
(1732, 1730),
(1736, 1734),
(1740, 1738),
(1744, 1742),
(1748, 1746),
(1752, 1750),
(1756, 1754),
(1760, 1758),
(1764, 1762),
(1768, 1766),
(1772, 1770),
(1776, 1774),
(1780, 1778),
(1784, 1782),
(1788, 1786),
(1792, 1790),
(1796, 1794),
(1800, 1798),
(1804, 1802),
(1808, 1806),
(1812, 1810),
(1816, 1814),
(1820, 1818),
(1825, 1823),
(1829, 1827),
(1833, 1831),
(1837, 1835),
(1841, 1839),
(1845, 1843),
(1849, 1847),
(1853, 1851),
(1857, 1855),
(1861, 1859),
(1865, 1863),
(1869, 1867),
(1873, 1871),
(1877, 1875),
(1881, 1879),
(1885, 1883),
(1889, 1887),
(1893, 1891),
(1897, 1895),
(1901, 1899),
(1905, 1903),
(1909, 1907),
(1913, 1911),
(1917, 1915),
(1921, 1919),
(1925, 1923),
(1929, 1927),
(1933, 1931),
(1937, 1935),
(1941, 1939),
(1945, 1943),
(1949, 1947),
(1953, 1951),
(1957, 1955),
(1961, 1959),
(1965, 1963),
(1969, 1967),
(1973, 1971),
(1977, 1975),
(1981, 1979),
(1985, 1983),
(1989, 1987),
(1993, 1991),
(1997, 1995),
(2001, 1999),
(2005, 2003),
(2009, 2007),
(2013, 2011),
(2017, 2015),
(2021, 2019),
(2025, 2023),
(2029, 2027),
(2033, 2031),
(2037, 2035),
(2041, 2039),
(2045, 2043),
(2049, 2047),
(2053, 2051),
(2057, 2055),
(2061, 2059),
(2065, 2063),
(2069, 2067),
(2073, 2071),
(2077, 2075),
(2081, 2079),
(2085, 2083),
(2089, 2087),
(2093, 2091),
(2097, 2095),
(2101, 2099),
(2105, 2103),
(2109, 2107),
(2113, 2111),
(2117, 2115),
(2121, 2119),
(2125, 2123),
(2129, 2127),
(2133, 2131),
(2137, 2135),
(2141, 2139),
(2145, 2143),
(2149, 2147),
(2153, 2151),
(2157, 2155),
(2161, 2159),
(2165, 2163),
(2169, 2167),
(2173, 2171),
(2177, 2175),
(2181, 2179),
(2185, 2183),
(2189, 2187),
(2193, 2191),
(2197, 2195),
(2201, 2199),
(2205, 2203),
(2209, 2207),
(2213, 2211),
(2217, 2215),
(2221, 2219),
(2225, 2223),
(2229, 2227),
(2233, 2231),
(2237, 2235),
(2241, 2239),
(2245, 2243),
(2249, 2247),
(2253, 2251),
(2257, 2255),
(2261, 2259),
(2265, 2263),
(2269, 2267),
(2273, 2271),
(2277, 2275),
(2281, 2279),
(2285, 2283),
(2289, 2287),
(2293, 2291),
(2297, 2295),
(2301, 2299),
(2305, 2303),
(2309, 2307),
(2313, 2311),
(2317, 2315),
(2321, 2319),
(2328, 2326),
(2332, 2330),
(2336, 2334),
(2340, 2338),
(2345, 2343),
(2350, 2348),
(2354, 2352),
(2358, 2356),
(2362, 2360),
(2366, 2364),
(2370, 2368),
(2374, 2372),
(2378, 2376),
(2382, 2380),
(2386, 2384),
(2412, 2384),
(2390, 2388),
(2394, 2392),
(2398, 2396),
(2402, 2400),
(2406, 2404),
(2410, 2408),
(2415, 2413),
(2417, 2413),
(2446, 2413),
(2564, 2413),
(2630, 2413),
(2647, 2413),
(2704, 2413),
(2713, 2413),
(2731, 2413),
(2823, 2413),
(2826, 2413),
(2829, 2413),
(2838, 2413),
(2842, 2413),
(2843, 2413),
(2850, 2413),
(2898, 2413),
(2900, 2413),
(2951, 2413),
(2976, 2413),
(3087, 2413),
(3090, 2413),
(3092, 2413),
(3109, 2413),
(3110, 2413),
(3111, 2413),
(3120, 2413),
(3158, 2413),
(3159, 2413),
(3161, 2413),
(3162, 2413),
(3163, 2413),
(3185, 2413),
(3186, 2413),
(3190, 2413),
(3191, 2413),
(3193, 2413),
(3197, 2413),
(3202, 2413),
(3206, 2413),
(3208, 2413),
(3214, 2413),
(3215, 2413),
(3216, 2413),
(3220, 2413),
(3221, 2413),
(3222, 2413),
(3232, 2413),
(3234, 2413),
(3236, 2413),
(3238, 2413),
(3242, 2413),
(3248, 2413),
(3267, 2413),
(3269, 2413),
(3270, 2413),
(3272, 2413),
(3273, 2413),
(3293, 2413),
(3295, 2413),
(3321, 2413),
(3324, 2413),
(3325, 2413),
(3331, 2413),
(3343, 2413),
(3344, 2413),
(3346, 2413),
(3347, 2413),
(3360, 2413),
(3361, 2413),
(3363, 2413),
(3364, 2413),
(3365, 2413),
(3367, 2413),
(3377, 2413),
(3378, 2413),
(3396, 2413),
(3397, 2413),
(3401, 2413),
(2420, 2418),
(2424, 2422),
(2428, 2426),
(2432, 2430),
(2436, 2434),
(2440, 2438),
(2444, 2442),
(2449, 2447),
(2453, 2451),
(2457, 2455),
(2461, 2459),
(2465, 2463),
(2469, 2467),
(2473, 2471),
(2477, 2475),
(2481, 2479),
(2485, 2483),
(2489, 2487),
(2493, 2491),
(2497, 2495),
(2501, 2499),
(2506, 2504),
(2639, 2504),
(2644, 2504),
(2645, 2504),
(2646, 2504),
(2648, 2504),
(2649, 2504),
(2650, 2504),
(2651, 2504),
(2652, 2504),
(2653, 2504),
(2654, 2504),
(2655, 2504),
(2656, 2504),
(2657, 2504),
(2658, 2504),
(2659, 2504),
(2660, 2504),
(2661, 2504),
(2662, 2504),
(2663, 2504),
(2664, 2504),
(2665, 2504),
(2666, 2504),
(2667, 2504),
(2668, 2504),
(2669, 2504),
(2670, 2504),
(2671, 2504),
(2672, 2504),
(2673, 2504),
(2674, 2504),
(2675, 2504),
(2676, 2504),
(2677, 2504),
(2678, 2504),
(2679, 2504),
(2680, 2504),
(2685, 2504),
(2686, 2504),
(2687, 2504),
(2692, 2504),
(2693, 2504),
(2694, 2504),
(2695, 2504),
(2696, 2504),
(2697, 2504),
(2698, 2504),
(2700, 2504),
(2701, 2504),
(2702, 2504),
(2703, 2504),
(2705, 2504),
(2706, 2504),
(2707, 2504),
(2708, 2504),
(2709, 2504),
(2710, 2504),
(2711, 2504),
(2712, 2504),
(2714, 2504),
(2715, 2504),
(2716, 2504),
(2717, 2504),
(2718, 2504),
(2719, 2504),
(2725, 2504),
(2726, 2504),
(2727, 2504),
(2728, 2504),
(2729, 2504),
(2730, 2504),
(2732, 2504),
(2733, 2504),
(2734, 2504),
(2735, 2504),
(2736, 2504),
(2738, 2504),
(2739, 2504),
(2740, 2504),
(2741, 2504),
(2742, 2504),
(2743, 2504),
(2744, 2504),
(2745, 2504),
(2746, 2504),
(2747, 2504),
(2748, 2504),
(2749, 2504),
(2750, 2504),
(2756, 2504),
(2757, 2504),
(2758, 2504),
(2759, 2504),
(2760, 2504),
(2761, 2504),
(2762, 2504),
(2763, 2504),
(2764, 2504),
(2765, 2504),
(2766, 2504),
(2767, 2504),
(2768, 2504),
(2769, 2504),
(2770, 2504),
(2771, 2504),
(2772, 2504),
(2773, 2504),
(2774, 2504),
(2775, 2504),
(2776, 2504),
(2777, 2504),
(2778, 2504),
(2779, 2504),
(2780, 2504),
(2782, 2504),
(2783, 2504),
(2784, 2504),
(2785, 2504),
(2786, 2504),
(2787, 2504),
(2788, 2504),
(2789, 2504),
(2790, 2504),
(2791, 2504),
(2792, 2504),
(2793, 2504),
(2794, 2504),
(2795, 2504),
(2796, 2504),
(2797, 2504),
(2798, 2504),
(2799, 2504),
(2800, 2504),
(2801, 2504),
(2802, 2504),
(2803, 2504),
(2804, 2504),
(2805, 2504),
(2806, 2504),
(2807, 2504),
(2808, 2504),
(2809, 2504),
(2810, 2504),
(2811, 2504),
(2812, 2504),
(2813, 2504),
(2815, 2504),
(2816, 2504),
(2817, 2504),
(2819, 2504),
(2820, 2504),
(2821, 2504),
(2822, 2504),
(2824, 2504),
(2825, 2504),
(2827, 2504),
(2828, 2504),
(2830, 2504),
(2831, 2504),
(2832, 2504),
(2833, 2504),
(2834, 2504),
(2835, 2504),
(2836, 2504),
(2837, 2504),
(2839, 2504),
(2840, 2504),
(2841, 2504),
(2844, 2504),
(2845, 2504),
(2846, 2504),
(2847, 2504),
(2849, 2504),
(2851, 2504),
(2852, 2504),
(2853, 2504),
(2854, 2504),
(2855, 2504),
(2856, 2504),
(2857, 2504),
(2858, 2504),
(2860, 2504),
(2861, 2504),
(2862, 2504),
(2863, 2504),
(2864, 2504),
(2865, 2504),
(2866, 2504),
(2867, 2504),
(2868, 2504),
(2869, 2504),
(2870, 2504),
(2871, 2504),
(2872, 2504),
(2873, 2504),
(2874, 2504),
(2875, 2504),
(2876, 2504),
(2877, 2504),
(2878, 2504),
(2879, 2504),
(2880, 2504),
(2881, 2504),
(2882, 2504),
(2883, 2504),
(2885, 2504),
(2887, 2504),
(2888, 2504),
(2889, 2504),
(2890, 2504),
(2891, 2504),
(2895, 2504),
(2897, 2504),
(2901, 2504),
(2902, 2504),
(2903, 2504),
(2904, 2504),
(2905, 2504),
(2907, 2504),
(2908, 2504),
(2909, 2504),
(2910, 2504),
(2911, 2504),
(2912, 2504),
(2913, 2504),
(2914, 2504),
(2915, 2504),
(2916, 2504),
(2917, 2504),
(2918, 2504),
(2919, 2504),
(2920, 2504),
(2921, 2504),
(2922, 2504),
(2924, 2504),
(2925, 2504),
(2926, 2504),
(2927, 2504),
(2928, 2504),
(2929, 2504),
(2930, 2504),
(2931, 2504),
(2932, 2504),
(2933, 2504),
(2934, 2504),
(2935, 2504),
(2936, 2504),
(2937, 2504),
(2938, 2504),
(2939, 2504),
(2940, 2504),
(2941, 2504),
(2942, 2504),
(2943, 2504),
(2944, 2504),
(2945, 2504),
(2946, 2504),
(2947, 2504),
(2948, 2504),
(2949, 2504),
(2952, 2504),
(2953, 2504),
(2954, 2504),
(2955, 2504),
(2957, 2504),
(2958, 2504),
(2960, 2504),
(2961, 2504),
(2962, 2504),
(2963, 2504),
(2964, 2504),
(2965, 2504),
(2966, 2504),
(2967, 2504),
(2968, 2504),
(2969, 2504),
(2970, 2504),
(2971, 2504),
(2972, 2504),
(2973, 2504),
(2974, 2504),
(2975, 2504),
(2977, 2504),
(2978, 2504),
(2979, 2504),
(2980, 2504),
(2981, 2504),
(2982, 2504),
(2983, 2504),
(2984, 2504),
(2985, 2504),
(2986, 2504),
(2987, 2504),
(2988, 2504),
(2989, 2504),
(2990, 2504),
(2991, 2504),
(2993, 2504),
(2994, 2504),
(2995, 2504),
(2996, 2504),
(2997, 2504),
(2998, 2504),
(2999, 2504),
(3000, 2504),
(3001, 2504),
(3002, 2504),
(3003, 2504),
(3004, 2504),
(3005, 2504),
(3006, 2504),
(3007, 2504),
(3008, 2504),
(3009, 2504),
(3010, 2504),
(3011, 2504),
(3012, 2504),
(3013, 2504),
(3014, 2504),
(3015, 2504),
(3016, 2504),
(3017, 2504),
(3018, 2504),
(3019, 2504),
(3020, 2504),
(3021, 2504),
(3022, 2504),
(3023, 2504),
(3024, 2504),
(3025, 2504),
(3026, 2504),
(3027, 2504),
(3028, 2504),
(3029, 2504),
(3030, 2504),
(3031, 2504),
(3032, 2504),
(3033, 2504),
(3034, 2504),
(3035, 2504),
(3036, 2504),
(3037, 2504),
(3038, 2504),
(3039, 2504),
(3040, 2504),
(3041, 2504),
(3042, 2504),
(3043, 2504),
(3044, 2504),
(3045, 2504),
(3046, 2504),
(3047, 2504),
(3048, 2504),
(3049, 2504),
(3050, 2504),
(3051, 2504),
(3052, 2504),
(3053, 2504),
(3054, 2504),
(3055, 2504),
(3056, 2504),
(3057, 2504),
(3058, 2504),
(3059, 2504),
(3060, 2504),
(3061, 2504),
(3062, 2504),
(3063, 2504),
(3064, 2504),
(3065, 2504),
(3066, 2504),
(3067, 2504),
(3068, 2504),
(3069, 2504),
(3070, 2504),
(3071, 2504),
(3072, 2504),
(3073, 2504),
(3074, 2504),
(3075, 2504),
(3076, 2504),
(3077, 2504),
(3078, 2504),
(3079, 2504),
(3080, 2504),
(3081, 2504),
(3082, 2504),
(3083, 2504),
(3084, 2504),
(3085, 2504),
(3086, 2504),
(3088, 2504),
(3089, 2504),
(3091, 2504),
(3093, 2504),
(3094, 2504),
(3095, 2504),
(3096, 2504),
(3097, 2504),
(3098, 2504),
(3099, 2504),
(3100, 2504),
(3101, 2504),
(3102, 2504),
(3103, 2504),
(3104, 2504),
(3105, 2504),
(3106, 2504),
(3107, 2504),
(3108, 2504),
(3112, 2504),
(3113, 2504),
(3114, 2504),
(3115, 2504),
(3116, 2504),
(3117, 2504),
(3118, 2504),
(3119, 2504),
(3121, 2504),
(3122, 2504),
(3123, 2504),
(3124, 2504),
(3125, 2504),
(3126, 2504),
(3127, 2504),
(3128, 2504),
(3129, 2504),
(3131, 2504),
(3132, 2504),
(3133, 2504),
(3134, 2504),
(3135, 2504),
(3136, 2504),
(3137, 2504),
(3138, 2504),
(3139, 2504),
(3140, 2504),
(3141, 2504),
(3142, 2504),
(3143, 2504),
(3144, 2504),
(3145, 2504),
(3146, 2504),
(3147, 2504),
(3148, 2504),
(3149, 2504),
(3150, 2504),
(3151, 2504),
(3152, 2504),
(3153, 2504),
(3154, 2504),
(3155, 2504),
(3156, 2504),
(3157, 2504),
(3160, 2504),
(3164, 2504),
(3169, 2504),
(3170, 2504),
(3171, 2504),
(3172, 2504),
(3173, 2504),
(3174, 2504),
(3175, 2504),
(3176, 2504),
(3177, 2504),
(3178, 2504),
(3179, 2504),
(3181, 2504),
(3182, 2504),
(3183, 2504),
(3187, 2504),
(3189, 2504),
(3192, 2504),
(3194, 2504),
(3195, 2504),
(3196, 2504),
(3199, 2504),
(3200, 2504),
(3219, 2504),
(3223, 2504),
(3225, 2504),
(3229, 2504),
(3231, 2504),
(3237, 2504),
(3271, 2504),
(3281, 2504),
(3301, 2504),
(3302, 2504),
(3304, 2504),
(3307, 2504),
(3312, 2504),
(3313, 2504),
(3314, 2504),
(3317, 2504),
(3318, 2504),
(3320, 2504),
(3322, 2504),
(3323, 2504),
(3326, 2504),
(3329, 2504),
(3330, 2504),
(3332, 2504),
(3333, 2504),
(3334, 2504),
(3335, 2504),
(3336, 2504),
(3341, 2504),
(3342, 2504),
(3382, 2504),
(3387, 2504),
(3389, 2504),
(3390, 2504),
(3391, 2504),
(2510, 2508),
(2514, 2512),
(2518, 2516),
(2522, 2520),
(2526, 2524),
(2530, 2528),
(2534, 2532),
(2538, 2536),
(2542, 2540),
(2546, 2544),
(2550, 2548),
(2554, 2552),
(2558, 2556),
(2562, 2560),
(2567, 2565),
(2571, 2569),
(2575, 2573),
(2579, 2577),
(2583, 2581),
(2587, 2585),
(2591, 2589),
(2595, 2593),
(2600, 2598),
(2604, 2602),
(2608, 2606),
(2612, 2610),
(2616, 2614),
(2620, 2618),
(2624, 2622),
(2628, 2626),
(2633, 2631),
(2637, 2635),
(2642, 2640),
(2724, 2640),
(2737, 2640),
(2751, 2640),
(2814, 2640),
(2848, 2640),
(2894, 2640),
(2896, 2640),
(2899, 2640),
(2906, 2640),
(2923, 2640),
(3188, 2640),
(3217, 2640),
(3258, 2640),
(3263, 2640),
(3362, 2640),
(3379, 2640),
(3394, 2640),
(2683, 2681),
(2690, 2688),
(2699, 2688),
(2859, 2688),
(2884, 2688),
(2886, 2688),
(3353, 2688),
(3354, 2688),
(3355, 2688),
(3356, 2688),
(3357, 2688),
(3359, 2688),
(3368, 2688),
(3369, 2688),
(3370, 2688),
(3371, 2688),
(3372, 2688),
(3373, 2688),
(3374, 2688),
(3375, 2688),
(3376, 2688),
(3380, 2688),
(3381, 2688),
(3392, 2688),
(3393, 2688),
(3395, 2688),
(3399, 2688),
(2722, 2720),
(2781, 2720),
(2818, 2720),
(2892, 2720),
(2893, 2720),
(2950, 2720),
(2956, 2720),
(2959, 2720),
(2992, 2720),
(3130, 2720),
(3180, 2720),
(3211, 2720),
(3226, 2720),
(3230, 2720),
(3239, 2720),
(3247, 2720),
(3251, 2720),
(3264, 2720),
(3265, 2720),
(3282, 2720),
(3285, 2720),
(3288, 2720),
(3292, 2720),
(3296, 2720),
(3298, 2720),
(3300, 2720),
(3305, 2720),
(3306, 2720),
(3309, 2720),
(3310, 2720),
(3311, 2720),
(3315, 2720),
(3327, 2720),
(3328, 2720),
(3345, 2720),
(3358, 2720),
(3366, 2720),
(3400, 2720),
(2754, 2752),
(3198, 2752),
(3201, 2752),
(3203, 2752),
(3204, 2752),
(3205, 2752),
(3212, 2752),
(3227, 2752),
(3228, 2752),
(3233, 2752),
(3235, 2752),
(3240, 2752),
(3241, 2752),
(3243, 2752),
(3244, 2752),
(3245, 2752),
(3246, 2752),
(3249, 2752),
(3250, 2752),
(3252, 2752),
(3253, 2752),
(3254, 2752),
(3255, 2752),
(3257, 2752),
(3259, 2752),
(3260, 2752),
(3261, 2752),
(3262, 2752),
(3266, 2752),
(3268, 2752),
(3274, 2752),
(3279, 2752),
(3280, 2752),
(3283, 2752),
(3284, 2752),
(3287, 2752),
(3289, 2752),
(3290, 2752),
(3291, 2752),
(3294, 2752),
(3297, 2752),
(3308, 2752),
(3167, 3165),
(3184, 3165),
(3207, 3165),
(3209, 3165),
(3210, 3165),
(3213, 3165),
(3218, 3165),
(3224, 3165),
(3299, 3165),
(3319, 3165),
(3398, 3165),
(3277, 3275),
(3286, 3275),
(3303, 3275),
(3316, 3275),
(3339, 3337),
(3350, 3348),
(3385, 3383),
(3388, 3383),
(3404, 3402),
(3406, 3402);

-- --------------------------------------------------------

--
-- Table structure for table `charging_station`
--

CREATE TABLE `charging_station` (
  `id` bigint NOT NULL,
  `address_id` bigint DEFAULT NULL,
  `operator_id` bigint DEFAULT NULL
) ENGINE=InnoDB DEFAULT CHARSET=utf8mb4 COLLATE=utf8mb4_0900_ai_ci;

--
-- Dumping data for table `charging_station`
--

INSERT INTO `charging_station` (`id`, `address_id`, `operator_id`) VALUES
(482, 478, 476),
(489, 485, 484),
(497, 493, 491),
(505, 501, 499),
(512, 509, 507),
(520, 516, 514),
(528, 524, 522),
(535, 532, 530),
(541, 538, 537),
(549, 545, 543),
(556, 552, 551),
(563, 560, 558),
(571, 567, 565),
(577, 574, 572),
(585, 581, 579),
(592, 588, 586),
(599, 596, 594),
(607, 603, 601),
(614, 610, 608),
(621, 618, 616),
(629, 625, 623),
(636, 632, 630),
(643, 640, 638),
(651, 647, 645),
(658, 654, 653),
(666, 662, 660),
(673, 669, 667),
(680, 677, 675),
(688, 684, 682),
(695, 691, 689),
(702, 699, 697),
(709, 705, 704),
(715, 712, 710),
(721, 718, 716),
(729, 725, 723),
(736, 732, 730),
(744, 740, 738),
(752, 748, 746),
(759, 755, 754),
(768, 765, 764),
(774, 771, 770),
(781, 777, 776),
(788, 785, 783),
(794, 791, 790),
(800, 797, 796),
(806, 803, 802),
(813, 809, 808),
(820, 817, 815),
(828, 824, 822),
(835, 831, 830),
(842, 839, 837),
(850, 846, 844),
(857, 853, 852),
(864, 861, 859),
(872, 868, 866),
(877, 875, 874),
(881, 879, 878),
(885, 883, 882),
(889, 887, 886),
(893, 891, 890),
(897, 895, 894),
(901, 899, 898),
(905, 903, 902),
(909, 907, 906),
(913, 911, 910),
(917, 915, 914),
(921, 919, 918),
(925, 923, 922),
(929, 927, 926),
(933, 931, 930),
(937, 935, 934),
(941, 939, 938),
(945, 943, 942),
(949, 947, 946),
(953, 951, 950),
(957, 955, 954),
(961, 959, 958),
(965, 963, 962),
(969, 967, 966),
(973, 971, 970),
(977, 975, 974),
(981, 979, 978),
(985, 983, 982),
(989, 987, 986),
(993, 991, 990),
(997, 995, 994),
(1001, 999, 998),
(1005, 1003, 1002),
(1009, 1007, 1006),
(1013, 1011, 1010),
(1017, 1015, 1014),
(1021, 1019, 1018),
(1025, 1023, 1022),
(1029, 1027, 1026),
(1033, 1031, 1030),
(1037, 1035, 1034),
(1041, 1039, 1038),
(1045, 1043, 1042),
(1049, 1047, 1046),
(1053, 1051, 1050),
(1057, 1055, 1054),
(1061, 1059, 1058),
(1065, 1063, 1062),
(1069, 1067, 1066),
(1073, 1071, 1070),
(1077, 1075, 1074),
(1081, 1079, 1078),
(1085, 1083, 1082),
(1089, 1087, 1086),
(1093, 1091, 1090),
(1098, 1095, 1094),
(1105, 1102, 1100),
(1109, 1107, 1106),
(1113, 1111, 1110),
(1117, 1115, 1114),
(1121, 1119, 1118),
(1125, 1123, 1122),
(1129, 1127, 1126),
(1133, 1131, 1130),
(1137, 1135, 1134),
(1141, 1139, 1138),
(1145, 1143, 1142),
(1149, 1147, 1146),
(1153, 1151, 1150),
(1157, 1155, 1154),
(1161, 1159, 1158),
(1165, 1163, 1162),
(1169, 1167, 1166),
(1235, 1233, 1232),
(1239, 1237, 1236),
(1243, 1241, 1240),
(1248, 1246, 1245),
(1252, 1250, 1249),
(1256, 1254, 1253),
(1260, 1258, 1257),
(1264, 1262, 1261),
(1268, 1266, 1265),
(1272, 1270, 1269),
(1276, 1274, 1273),
(1280, 1278, 1277),
(1284, 1282, 1281),
(1288, 1286, 1285),
(1292, 1290, 1289),
(1296, 1294, 1293),
(1300, 1298, 1297),
(1304, 1302, 1301),
(1308, 1306, 1305),
(1312, 1310, 1309),
(1316, 1314, 1313),
(1320, 1318, 1317),
(1324, 1322, 1321),
(1328, 1326, 1325),
(1332, 1330, 1329),
(1336, 1334, 1333),
(1340, 1338, 1337),
(1344, 1342, 1341),
(1348, 1346, 1345),
(1370, 1368, 1367),
(1374, 1372, 1371),
(1379, 1377, 1376),
(1383, 1381, 1380),
(1390, 1388, 1387),
(1394, 1392, 1391),
(1398, 1396, 1395),
(1402, 1400, 1399),
(1406, 1404, 1403),
(1410, 1408, 1407),
(1414, 1412, 1411),
(1418, 1416, 1415),
(1422, 1420, 1419),
(1426, 1424, 1423),
(1434, 1432, 1431),
(1438, 1436, 1435),
(1442, 1440, 1439),
(1451, 1449, 1448),
(1455, 1453, 1452),
(1459, 1457, 1456),
(1463, 1461, 1460),
(1467, 1465, 1464),
(1471, 1469, 1468),
(1475, 1473, 1472),
(1479, 1477, 1476),
(1483, 1481, 1480),
(1487, 1485, 1484),
(1491, 1489, 1488),
(1495, 1493, 1492),
(1499, 1497, 1496),
(1503, 1501, 1500),
(1507, 1505, 1504),
(1511, 1509, 1508),
(1515, 1513, 1512),
(1519, 1517, 1516),
(1523, 1521, 1520),
(1527, 1525, 1524),
(1531, 1529, 1528),
(1535, 1533, 1532),
(1539, 1537, 1536),
(1543, 1541, 1540),
(1547, 1545, 1544),
(1551, 1549, 1548),
(1555, 1553, 1552),
(1560, 1558, 1557),
(1564, 1562, 1561),
(1568, 1566, 1565),
(1572, 1570, 1569),
(1576, 1574, 1573),
(1580, 1578, 1577),
(1584, 1582, 1581),
(1588, 1586, 1585),
(1592, 1590, 1589),
(1596, 1594, 1593),
(1600, 1598, 1597),
(1604, 1602, 1601),
(1608, 1606, 1605),
(1612, 1610, 1609),
(1616, 1614, 1613),
(1620, 1618, 1617),
(1624, 1622, 1621),
(1628, 1626, 1625),
(1632, 1630, 1629),
(1637, 1635, 1634),
(1641, 1639, 1638),
(1645, 1643, 1642),
(1649, 1647, 1646),
(1653, 1651, 1650),
(1657, 1655, 1654),
(1661, 1659, 1658),
(1665, 1663, 1662),
(1669, 1667, 1666),
(1673, 1671, 1670),
(1677, 1675, 1674),
(1681, 1679, 1678),
(1685, 1683, 1682),
(1689, 1687, 1686),
(1693, 1691, 1690),
(1697, 1695, 1694),
(1701, 1699, 1698),
(1705, 1703, 1702),
(1709, 1707, 1706),
(1713, 1711, 1710),
(1717, 1715, 1714),
(1721, 1719, 1718),
(1725, 1723, 1722),
(1729, 1727, 1726),
(1733, 1731, 1730),
(1737, 1735, 1734),
(1741, 1739, 1738),
(1745, 1743, 1742),
(1749, 1747, 1746),
(1753, 1751, 1750),
(1757, 1755, 1754),
(1761, 1759, 1758),
(1765, 1763, 1762),
(1769, 1767, 1766),
(1773, 1771, 1770),
(1777, 1775, 1774),
(1781, 1779, 1778),
(1785, 1783, 1782),
(1789, 1787, 1786),
(1793, 1791, 1790),
(1797, 1795, 1794),
(1801, 1799, 1798),
(1805, 1803, 1802),
(1809, 1807, 1806),
(1813, 1811, 1810),
(1817, 1815, 1814),
(1821, 1819, 1818),
(1826, 1824, 1823),
(1830, 1828, 1827),
(1834, 1832, 1831),
(1838, 1836, 1835),
(1842, 1840, 1839),
(1846, 1844, 1843),
(1850, 1848, 1847),
(1854, 1852, 1851),
(1858, 1856, 1855),
(1862, 1860, 1859),
(1866, 1864, 1863),
(1870, 1868, 1867),
(1874, 1872, 1871),
(1878, 1876, 1875),
(1882, 1880, 1879),
(1886, 1884, 1883),
(1890, 1888, 1887),
(1894, 1892, 1891),
(1898, 1896, 1895),
(1902, 1900, 1899),
(1906, 1904, 1903),
(1910, 1908, 1907),
(1914, 1912, 1911),
(1918, 1916, 1915),
(1922, 1920, 1919),
(1926, 1924, 1923),
(1930, 1928, 1927),
(1934, 1932, 1931),
(1938, 1936, 1935),
(1942, 1940, 1939),
(1946, 1944, 1943),
(1950, 1948, 1947),
(1954, 1952, 1951),
(1958, 1956, 1955),
(1962, 1960, 1959),
(1966, 1964, 1963),
(1970, 1968, 1967),
(1974, 1972, 1971),
(1978, 1976, 1975),
(1982, 1980, 1979),
(1986, 1984, 1983),
(1990, 1988, 1987),
(1994, 1992, 1991),
(1998, 1996, 1995),
(2002, 2000, 1999),
(2006, 2004, 2003),
(2010, 2008, 2007),
(2014, 2012, 2011),
(2018, 2016, 2015),
(2022, 2020, 2019),
(2026, 2024, 2023),
(2030, 2028, 2027),
(2034, 2032, 2031),
(2038, 2036, 2035),
(2042, 2040, 2039),
(2046, 2044, 2043),
(2050, 2048, 2047),
(2054, 2052, 2051),
(2058, 2056, 2055),
(2062, 2060, 2059),
(2066, 2064, 2063),
(2070, 2068, 2067),
(2074, 2072, 2071),
(2078, 2076, 2075),
(2082, 2080, 2079),
(2086, 2084, 2083),
(2090, 2088, 2087),
(2094, 2092, 2091),
(2098, 2096, 2095),
(2102, 2100, 2099),
(2106, 2104, 2103),
(2110, 2108, 2107),
(2114, 2112, 2111),
(2118, 2116, 2115),
(2122, 2120, 2119),
(2126, 2124, 2123),
(2130, 2128, 2127),
(2134, 2132, 2131),
(2138, 2136, 2135),
(2142, 2140, 2139),
(2146, 2144, 2143),
(2150, 2148, 2147),
(2154, 2152, 2151),
(2158, 2156, 2155),
(2162, 2160, 2159),
(2166, 2164, 2163),
(2170, 2168, 2167),
(2174, 2172, 2171),
(2178, 2176, 2175),
(2182, 2180, 2179),
(2186, 2184, 2183),
(2190, 2188, 2187),
(2194, 2192, 2191),
(2198, 2196, 2195),
(2202, 2200, 2199),
(2206, 2204, 2203),
(2210, 2208, 2207),
(2214, 2212, 2211),
(2218, 2216, 2215),
(2222, 2220, 2219),
(2226, 2224, 2223),
(2230, 2228, 2227),
(2234, 2232, 2231),
(2238, 2236, 2235),
(2242, 2240, 2239),
(2246, 2244, 2243),
(2250, 2248, 2247),
(2254, 2252, 2251),
(2258, 2256, 2255),
(2262, 2260, 2259),
(2266, 2264, 2263),
(2270, 2268, 2267),
(2274, 2272, 2271),
(2278, 2276, 2275),
(2282, 2280, 2279),
(2286, 2284, 2283),
(2290, 2288, 2287),
(2294, 2292, 2291),
(2298, 2296, 2295),
(2302, 2300, 2299),
(2306, 2304, 2303),
(2310, 2308, 2307),
(2314, 2312, 2311),
(2318, 2316, 2315),
(2322, 2320, 2319),
(2329, 2327, 2326),
(2333, 2331, 2330),
(2337, 2335, 2334),
(2341, 2339, 2338),
(2346, 2344, 2343),
(2351, 2349, 2348),
(2355, 2353, 2352),
(2359, 2357, 2356),
(2363, 2361, 2360),
(2367, 2365, 2364),
(2371, 2369, 2368),
(2375, 2373, 2372),
(2379, 2377, 2376),
(2383, 2381, 2380),
(2387, 2385, 2384),
(2391, 2389, 2388),
(2395, 2393, 2392),
(2399, 2397, 2396),
(2403, 2401, 2400),
(2407, 2405, 2404),
(2411, 2409, 2408),
(2416, 2414, 2413),
(2421, 2419, 2418),
(2425, 2423, 2422),
(2429, 2427, 2426),
(2433, 2431, 2430),
(2437, 2435, 2434),
(2441, 2439, 2438),
(2445, 2443, 2442),
(2450, 2448, 2447),
(2454, 2452, 2451),
(2458, 2456, 2455),
(2462, 2460, 2459),
(2466, 2464, 2463),
(2470, 2468, 2467),
(2474, 2472, 2471),
(2478, 2476, 2475),
(2482, 2480, 2479),
(2486, 2484, 2483),
(2490, 2488, 2487),
(2494, 2492, 2491),
(2498, 2496, 2495),
(2502, 2500, 2499),
(2507, 2505, 2504),
(2511, 2509, 2508),
(2515, 2513, 2512),
(2519, 2517, 2516),
(2523, 2521, 2520),
(2527, 2525, 2524),
(2531, 2529, 2528),
(2535, 2533, 2532),
(2539, 2537, 2536),
(2543, 2541, 2540),
(2547, 2545, 2544),
(2551, 2549, 2548),
(2555, 2553, 2552),
(2559, 2557, 2556),
(2563, 2561, 2560),
(2568, 2566, 2565),
(2572, 2570, 2569),
(2576, 2574, 2573),
(2580, 2578, 2577),
(2584, 2582, 2581),
(2588, 2586, 2585),
(2592, 2590, 2589),
(2596, 2594, 2593),
(2601, 2599, 2598),
(2605, 2603, 2602),
(2609, 2607, 2606),
(2613, 2611, 2610),
(2617, 2615, 2614),
(2621, 2619, 2618),
(2625, 2623, 2622),
(2629, 2627, 2626),
(2634, 2632, 2631),
(2638, 2636, 2635),
(2643, 2641, 2640),
(2684, 2682, 2681),
(2691, 2689, 2688),
(2723, 2721, 2720),
(2755, 2753, 2752),
(3168, 3166, 3165),
(3278, 3276, 3275),
(3340, 3338, 3337),
(3351, 3349, 3348),
(3386, 3384, 3383),
(3405, 3403, 3402);

-- --------------------------------------------------------

--
-- Table structure for table `charging_station_charging_points`
--

CREATE TABLE `charging_station_charging_points` (
  `charging_station_id` bigint NOT NULL,
  `charging_points_id` bigint NOT NULL
) ENGINE=InnoDB DEFAULT CHARSET=utf8mb4 COLLATE=utf8mb4_0900_ai_ci;

--
-- Dumping data for table `charging_station_charging_points`
--

INSERT INTO `charging_station_charging_points` (`charging_station_id`, `charging_points_id`) VALUES
(482, 480),
(489, 487),
(497, 495),
(505, 503),
(512, 510),
(520, 518),
(528, 526),
(535, 534),
(541, 540),
(549, 547),
(556, 554),
(563, 562),
(571, 569),
(577, 575),
(585, 583),
(592, 590),
(599, 597),
(607, 605),
(614, 612),
(621, 619),
(629, 627),
(636, 634),
(643, 641),
(651, 649),
(658, 656),
(666, 664),
(673, 671),
(680, 678),
(688, 686),
(695, 693),
(702, 700),
(709, 707),
(715, 713),
(721, 719),
(729, 727),
(736, 734),
(744, 742),
(752, 750),
(759, 757),
(482, 762),
(768, 767),
(774, 773),
(781, 779),
(788, 787),
(794, 793),
(800, 799),
(806, 805),
(813, 811),
(820, 819),
(828, 826),
(835, 833),
(842, 841),
(850, 848),
(857, 855),
(864, 863),
(872, 870),
(877, 876),
(881, 880),
(885, 884),
(889, 888),
(893, 892),
(897, 896),
(901, 900),
(905, 904),
(909, 908),
(913, 912),
(917, 916),
(921, 920),
(925, 924),
(929, 928),
(933, 932),
(937, 936),
(941, 940),
(945, 944),
(949, 948),
(953, 952),
(957, 956),
(961, 960),
(965, 964),
(969, 968),
(973, 972),
(977, 976),
(981, 980),
(985, 984),
(989, 988),
(993, 992),
(997, 996),
(1001, 1000),
(1005, 1004),
(1009, 1008),
(1013, 1012),
(1017, 1016),
(1021, 1020),
(1025, 1024),
(1029, 1028),
(1033, 1032),
(1037, 1036),
(1041, 1040),
(1045, 1044),
(1049, 1048),
(1053, 1052),
(1057, 1056),
(1061, 1060),
(1065, 1064),
(1069, 1068),
(1073, 1072),
(1077, 1076),
(1081, 1080),
(1085, 1084),
(1089, 1088),
(1093, 1092),
(1098, 1096),
(1105, 1104),
(1109, 1108),
(1113, 1112),
(1117, 1116),
(1121, 1120),
(1125, 1124),
(1129, 1128),
(1133, 1132),
(1137, 1136),
(1141, 1140),
(1145, 1144),
(1149, 1148),
(1153, 1152),
(1157, 1156),
(1161, 1160),
(1165, 1164),
(1169, 1168),
(1169, 1170),
(1169, 1171),
(1169, 1172),
(1169, 1173),
(1169, 1174),
(1169, 1175),
(1169, 1176),
(1169, 1177),
(1169, 1178),
(1169, 1179),
(1169, 1180),
(1169, 1181),
(1169, 1182),
(1169, 1183),
(1169, 1184),
(1169, 1185),
(1169, 1186),
(1169, 1187),
(1169, 1188),
(1169, 1189),
(1169, 1190),
(1169, 1191),
(1169, 1192),
(1169, 1193),
(1169, 1194),
(1169, 1195),
(1169, 1196),
(1169, 1197),
(1169, 1198),
(1169, 1199),
(1169, 1200),
(1169, 1201),
(1169, 1202),
(1169, 1203),
(1169, 1204),
(1169, 1205),
(1169, 1206),
(1169, 1207),
(1169, 1208),
(1169, 1209),
(1169, 1210),
(1169, 1211),
(1169, 1212),
(1169, 1213),
(1169, 1214),
(1169, 1215),
(1169, 1216),
(1169, 1217),
(1169, 1218),
(1169, 1219),
(1169, 1220),
(1169, 1221),
(1169, 1222),
(1169, 1223),
(1169, 1224),
(1169, 1225),
(1169, 1226),
(1169, 1227),
(1169, 1228),
(1169, 1229),
(1169, 1230),
(1169, 1231),
(1235, 1234),
(1239, 1238),
(1243, 1242),
(1169, 1244),
(1248, 1247),
(1252, 1251),
(1256, 1255),
(1260, 1259),
(1264, 1263),
(1268, 1267),
(1272, 1271),
(1276, 1275),
(1280, 1279),
(1284, 1283),
(1288, 1287),
(1292, 1291),
(1296, 1295),
(1300, 1299),
(1304, 1303),
(1308, 1307),
(1312, 1311),
(1316, 1315),
(1320, 1319),
(1324, 1323),
(1328, 1327),
(1332, 1331),
(1336, 1335),
(1340, 1339),
(1344, 1343),
(1348, 1347),
(1169, 1349),
(1169, 1350),
(1169, 1351),
(1169, 1352),
(1169, 1353),
(1169, 1354),
(1169, 1355),
(1169, 1356),
(1169, 1357),
(1169, 1358),
(1169, 1359),
(1169, 1360),
(1169, 1361),
(1169, 1362),
(1169, 1363),
(1169, 1364),
(1169, 1365),
(1169, 1366),
(1370, 1369),
(1374, 1373),
(1169, 1375),
(1379, 1378),
(1383, 1382),
(1169, 1384),
(1169, 1385),
(1169, 1386),
(1390, 1389),
(1394, 1393),
(1398, 1397),
(1402, 1401),
(1406, 1405),
(1410, 1409),
(1414, 1413),
(1418, 1417),
(1422, 1421),
(1426, 1425),
(1169, 1427),
(1169, 1428),
(1169, 1429),
(1169, 1430),
(1434, 1433),
(1438, 1437),
(1442, 1441),
(1169, 1443),
(1169, 1444),
(1169, 1445),
(1169, 1446),
(1169, 1447),
(1451, 1450),
(1455, 1454),
(1459, 1458),
(1463, 1462),
(1467, 1466),
(1471, 1470),
(1475, 1474),
(1479, 1478),
(1483, 1482),
(1487, 1486),
(1491, 1490),
(1495, 1494),
(1499, 1498),
(1503, 1502),
(1507, 1506),
(1511, 1510),
(1515, 1514),
(1519, 1518),
(1523, 1522),
(1527, 1526),
(1531, 1530),
(1535, 1534),
(1539, 1538),
(1543, 1542),
(1547, 1546),
(1551, 1550),
(1555, 1554),
(636, 1556),
(1560, 1559),
(1564, 1563),
(1568, 1567),
(1572, 1571),
(1576, 1575),
(1580, 1579),
(1584, 1583),
(1588, 1587),
(1592, 1591),
(1596, 1595),
(1600, 1599),
(1604, 1603),
(1608, 1607),
(1612, 1611),
(1616, 1615),
(1620, 1619),
(1624, 1623),
(1628, 1627),
(1632, 1631),
(636, 1633),
(1637, 1636),
(1641, 1640),
(1645, 1644),
(1649, 1648),
(1653, 1652),
(1657, 1656),
(1661, 1660),
(1665, 1664),
(1669, 1668),
(1673, 1672),
(1677, 1676),
(1681, 1680),
(1685, 1684),
(1689, 1688),
(1693, 1692),
(1697, 1696),
(1701, 1700),
(1705, 1704),
(1709, 1708),
(1713, 1712),
(1717, 1716),
(1721, 1720),
(1725, 1724),
(1729, 1728),
(1733, 1732),
(1737, 1736),
(1741, 1740),
(1745, 1744),
(1749, 1748),
(1753, 1752),
(1757, 1756),
(1761, 1760),
(1765, 1764),
(1769, 1768),
(1773, 1772),
(1777, 1776),
(1781, 1780),
(1785, 1784),
(1789, 1788),
(1793, 1792),
(1797, 1796),
(1801, 1800),
(1805, 1804),
(1809, 1808),
(1813, 1812),
(1817, 1816),
(1821, 1820),
(556, 1822),
(1826, 1825),
(1830, 1829),
(1834, 1833),
(1838, 1837),
(1842, 1841),
(1846, 1845),
(1850, 1849),
(1854, 1853),
(1858, 1857),
(1862, 1861),
(1866, 1865),
(1870, 1869),
(1874, 1873),
(1878, 1877),
(1882, 1881),
(1886, 1885),
(1890, 1889),
(1894, 1893),
(1898, 1897),
(1902, 1901),
(1906, 1905),
(1910, 1909),
(1914, 1913),
(1918, 1917),
(1922, 1921),
(1926, 1925),
(1930, 1929),
(1934, 1933),
(1938, 1937),
(1942, 1941),
(1946, 1945),
(1950, 1949),
(1954, 1953),
(1958, 1957),
(1962, 1961),
(1966, 1965),
(1970, 1969),
(1974, 1973),
(1978, 1977),
(1982, 1981),
(1986, 1985),
(1990, 1989),
(1994, 1993),
(1998, 1997),
(2002, 2001),
(2006, 2005),
(2010, 2009),
(2014, 2013),
(2018, 2017),
(2022, 2021),
(2026, 2025),
(2030, 2029),
(2034, 2033),
(2038, 2037),
(2042, 2041),
(2046, 2045),
(2050, 2049),
(2054, 2053),
(2058, 2057),
(2062, 2061),
(2066, 2065),
(2070, 2069),
(2074, 2073),
(2078, 2077),
(2082, 2081),
(2086, 2085),
(2090, 2089),
(2094, 2093),
(2098, 2097),
(2102, 2101),
(2106, 2105),
(2110, 2109),
(2114, 2113),
(2118, 2117),
(2122, 2121),
(2126, 2125),
(2130, 2129),
(2134, 2133),
(2138, 2137),
(2142, 2141),
(2146, 2145),
(2150, 2149),
(2154, 2153),
(2158, 2157),
(2162, 2161),
(2166, 2165),
(2170, 2169),
(2174, 2173),
(2178, 2177),
(2182, 2181),
(2186, 2185),
(2190, 2189),
(2194, 2193),
(2198, 2197),
(2202, 2201),
(2206, 2205),
(2210, 2209),
(2214, 2213),
(2218, 2217),
(2222, 2221),
(2226, 2225),
(2230, 2229),
(2234, 2233),
(2238, 2237),
(2242, 2241),
(2246, 2245),
(2250, 2249),
(2254, 2253),
(2258, 2257),
(2262, 2261),
(2266, 2265),
(2270, 2269),
(2274, 2273),
(2278, 2277),
(2282, 2281),
(2286, 2285),
(2290, 2289),
(2294, 2293),
(2298, 2297),
(2302, 2301),
(2306, 2305),
(2310, 2309),
(2314, 2313),
(2318, 2317),
(2322, 2321),
(953, 2323),
(953, 2324),
(953, 2325),
(2329, 2328),
(2333, 2332),
(2337, 2336),
(2341, 2340),
(953, 2342),
(2346, 2345),
(953, 2347),
(2351, 2350),
(2355, 2354),
(2359, 2358),
(2363, 2362),
(2367, 2366),
(2371, 2370),
(2375, 2374),
(2379, 2378),
(2383, 2382),
(2387, 2386),
(2391, 2390),
(2395, 2394),
(2399, 2398),
(2403, 2402),
(2407, 2406),
(2411, 2410),
(2387, 2412),
(2416, 2415),
(2416, 2417),
(2421, 2420),
(2425, 2424),
(2429, 2428),
(2433, 2432),
(2437, 2436),
(2441, 2440),
(2445, 2444),
(2416, 2446),
(2450, 2449),
(2454, 2453),
(2458, 2457),
(2462, 2461),
(2466, 2465),
(2470, 2469),
(2474, 2473),
(2478, 2477),
(2482, 2481),
(2486, 2485),
(2490, 2489),
(2494, 2493),
(2498, 2497),
(2502, 2501),
(636, 2503),
(2507, 2506),
(2511, 2510),
(2515, 2514),
(2519, 2518),
(2523, 2522),
(2527, 2526),
(2531, 2530),
(2535, 2534),
(2539, 2538),
(2543, 2542),
(2547, 2546),
(2551, 2550),
(2555, 2554),
(2559, 2558),
(2563, 2562),
(2416, 2564),
(2568, 2567),
(2572, 2571),
(2576, 2575),
(2580, 2579),
(2584, 2583),
(2588, 2587),
(2592, 2591),
(2596, 2595),
(953, 2597),
(2601, 2600),
(2605, 2604),
(2609, 2608),
(2613, 2612),
(2617, 2616),
(2621, 2620),
(2625, 2624),
(2629, 2628),
(2416, 2630),
(2634, 2633),
(2638, 2637),
(2507, 2639),
(2643, 2642),
(2507, 2644),
(2507, 2645),
(2507, 2646),
(2416, 2647),
(2507, 2648),
(2507, 2649),
(2507, 2650),
(2507, 2651),
(2507, 2652),
(2507, 2653),
(2507, 2654),
(2507, 2655),
(2507, 2656),
(2507, 2657),
(2507, 2658),
(2507, 2659),
(2507, 2660),
(2507, 2661),
(2507, 2662),
(2507, 2663),
(2507, 2664),
(2507, 2665),
(2507, 2666),
(2507, 2667),
(2507, 2668),
(2507, 2669),
(2507, 2670),
(2507, 2671),
(2507, 2672),
(2507, 2673),
(2507, 2674),
(2507, 2675),
(2507, 2676),
(2507, 2677),
(2507, 2678),
(2507, 2679),
(2507, 2680),
(2684, 2683),
(2507, 2685),
(2507, 2686),
(2507, 2687),
(2691, 2690),
(2507, 2692),
(2507, 2693),
(2507, 2694),
(2507, 2695),
(2507, 2696),
(2507, 2697),
(2507, 2698),
(2691, 2699),
(2507, 2700),
(2507, 2701),
(2507, 2702),
(2507, 2703),
(2416, 2704),
(2507, 2705),
(2507, 2706),
(2507, 2707),
(2507, 2708),
(2507, 2709),
(2507, 2710),
(2507, 2711),
(2507, 2712),
(2416, 2713),
(2507, 2714),
(2507, 2715),
(2507, 2716),
(2507, 2717),
(2507, 2718),
(2507, 2719),
(2723, 2722),
(2643, 2724),
(2507, 2725),
(2507, 2726),
(2507, 2727),
(2507, 2728),
(2507, 2729),
(2507, 2730),
(2416, 2731),
(2507, 2732),
(2507, 2733),
(2507, 2734),
(2507, 2735),
(2507, 2736),
(2643, 2737),
(2507, 2738),
(2507, 2739),
(2507, 2740),
(2507, 2741),
(2507, 2742),
(2507, 2743),
(2507, 2744),
(2507, 2745),
(2507, 2746),
(2507, 2747),
(2507, 2748),
(2507, 2749),
(2507, 2750),
(2643, 2751),
(2755, 2754),
(2507, 2756),
(2507, 2757),
(2507, 2758),
(2507, 2759),
(2507, 2760),
(2507, 2761),
(2507, 2762),
(2507, 2763),
(2507, 2764),
(2507, 2765),
(2507, 2766),
(2507, 2767),
(2507, 2768),
(2507, 2769),
(2507, 2770),
(2507, 2771),
(2507, 2772),
(2507, 2773),
(2507, 2774),
(2507, 2775),
(2507, 2776),
(2507, 2777),
(2507, 2778),
(2507, 2779),
(2507, 2780),
(2723, 2781),
(2507, 2782),
(2507, 2783),
(2507, 2784),
(2507, 2785),
(2507, 2786),
(2507, 2787),
(2507, 2788),
(2507, 2789),
(2507, 2790),
(2507, 2791),
(2507, 2792),
(2507, 2793),
(2507, 2794),
(2507, 2795),
(2507, 2796),
(2507, 2797),
(2507, 2798),
(2507, 2799),
(2507, 2800),
(2507, 2801),
(2507, 2802),
(2507, 2803),
(2507, 2804),
(2507, 2805),
(2507, 2806),
(2507, 2807),
(2507, 2808),
(2507, 2809),
(2507, 2810),
(2507, 2811),
(2507, 2812),
(2507, 2813),
(2643, 2814),
(2507, 2815),
(2507, 2816),
(2507, 2817),
(2723, 2818),
(2507, 2819),
(2507, 2820),
(2507, 2821),
(2507, 2822),
(2416, 2823),
(2507, 2824),
(2507, 2825),
(2416, 2826),
(2507, 2827),
(2507, 2828),
(2416, 2829),
(2507, 2830),
(2507, 2831),
(2507, 2832),
(2507, 2833),
(2507, 2834),
(2507, 2835),
(2507, 2836),
(2507, 2837),
(2416, 2838),
(2507, 2839),
(2507, 2840),
(2507, 2841),
(2416, 2842),
(2416, 2843),
(2507, 2844),
(2507, 2845),
(2507, 2846),
(2507, 2847),
(2643, 2848),
(2507, 2849),
(2416, 2850),
(2507, 2851),
(2507, 2852),
(2507, 2853),
(2507, 2854),
(2507, 2855),
(2507, 2856),
(2507, 2857),
(2507, 2858),
(2691, 2859),
(2507, 2860),
(2507, 2861),
(2507, 2862),
(2507, 2863),
(2507, 2864),
(2507, 2865),
(2507, 2866),
(2507, 2867),
(2507, 2868),
(2507, 2869),
(2507, 2870),
(2507, 2871),
(2507, 2872),
(2507, 2873),
(2507, 2874),
(2507, 2875),
(2507, 2876),
(2507, 2877),
(2507, 2878),
(2507, 2879),
(2507, 2880),
(2507, 2881),
(2507, 2882),
(2507, 2883),
(2691, 2884),
(2507, 2885),
(2691, 2886),
(2507, 2887),
(2507, 2888),
(2507, 2889),
(2507, 2890),
(2507, 2891),
(2723, 2892),
(2723, 2893),
(2643, 2894),
(2507, 2895),
(2643, 2896),
(2507, 2897),
(2416, 2898),
(2643, 2899),
(2416, 2900),
(2507, 2901),
(2507, 2902),
(2507, 2903),
(2507, 2904),
(2507, 2905),
(2643, 2906),
(2507, 2907),
(2507, 2908),
(2507, 2909),
(2507, 2910),
(2507, 2911),
(2507, 2912),
(2507, 2913),
(2507, 2914),
(2507, 2915),
(2507, 2916),
(2507, 2917),
(2507, 2918),
(2507, 2919),
(2507, 2920),
(2507, 2921),
(2507, 2922),
(2643, 2923),
(2507, 2924),
(2507, 2925),
(2507, 2926),
(2507, 2927),
(2507, 2928),
(2507, 2929),
(2507, 2930),
(2507, 2931),
(2507, 2932),
(2507, 2933),
(2507, 2934),
(2507, 2935),
(2507, 2936),
(2507, 2937),
(2507, 2938),
(2507, 2939),
(2507, 2940),
(2507, 2941),
(2507, 2942),
(2507, 2943),
(2507, 2944),
(2507, 2945),
(2507, 2946),
(2507, 2947),
(2507, 2948),
(2507, 2949),
(2723, 2950),
(2416, 2951),
(2507, 2952),
(2507, 2953),
(2507, 2954),
(2507, 2955),
(2723, 2956),
(2507, 2957),
(2507, 2958),
(2723, 2959),
(2507, 2960),
(2507, 2961),
(2507, 2962),
(2507, 2963),
(2507, 2964),
(2507, 2965),
(2507, 2966),
(2507, 2967),
(2507, 2968),
(2507, 2969),
(2507, 2970),
(2507, 2971),
(2507, 2972),
(2507, 2973),
(2507, 2974),
(2507, 2975),
(2416, 2976),
(2507, 2977),
(2507, 2978),
(2507, 2979),
(2507, 2980),
(2507, 2981),
(2507, 2982),
(2507, 2983),
(2507, 2984),
(2507, 2985),
(2507, 2986),
(2507, 2987),
(2507, 2988),
(2507, 2989),
(2507, 2990),
(2507, 2991),
(2723, 2992),
(2507, 2993),
(2507, 2994),
(2507, 2995),
(2507, 2996),
(2507, 2997),
(2507, 2998),
(2507, 2999),
(2507, 3000),
(2507, 3001),
(2507, 3002),
(2507, 3003),
(2507, 3004),
(2507, 3005),
(2507, 3006),
(2507, 3007),
(2507, 3008),
(2507, 3009),
(2507, 3010),
(2507, 3011),
(2507, 3012),
(2507, 3013),
(2507, 3014),
(2507, 3015),
(2507, 3016),
(2507, 3017),
(2507, 3018),
(2507, 3019),
(2507, 3020),
(2507, 3021),
(2507, 3022),
(2507, 3023),
(2507, 3024),
(2507, 3025),
(2507, 3026),
(2507, 3027),
(2507, 3028),
(2507, 3029),
(2507, 3030),
(2507, 3031),
(2507, 3032),
(2507, 3033),
(2507, 3034),
(2507, 3035),
(2507, 3036),
(2507, 3037),
(2507, 3038),
(2507, 3039),
(2507, 3040),
(2507, 3041),
(2507, 3042),
(2507, 3043),
(2507, 3044),
(2507, 3045),
(2507, 3046),
(2507, 3047),
(2507, 3048),
(2507, 3049),
(2507, 3050),
(2507, 3051),
(2507, 3052),
(2507, 3053),
(2507, 3054),
(2507, 3055),
(2507, 3056),
(2507, 3057),
(2507, 3058),
(2507, 3059),
(2507, 3060),
(2507, 3061),
(2507, 3062),
(2507, 3063),
(2507, 3064),
(2507, 3065),
(2507, 3066),
(2507, 3067),
(2507, 3068),
(2507, 3069),
(2507, 3070),
(2507, 3071),
(2507, 3072),
(2507, 3073),
(2507, 3074),
(2507, 3075),
(2507, 3076),
(2507, 3077),
(2507, 3078),
(2507, 3079),
(2507, 3080),
(2507, 3081),
(2507, 3082),
(2507, 3083),
(2507, 3084),
(2507, 3085),
(2507, 3086),
(2416, 3087),
(2507, 3088),
(2507, 3089),
(2416, 3090),
(2507, 3091),
(2416, 3092),
(2507, 3093),
(2507, 3094),
(2507, 3095),
(2507, 3096),
(2507, 3097),
(2507, 3098),
(2507, 3099),
(2507, 3100),
(2507, 3101),
(2507, 3102),
(2507, 3103),
(2507, 3104),
(2507, 3105),
(2507, 3106),
(2507, 3107),
(2507, 3108),
(2416, 3109),
(2416, 3110),
(2416, 3111),
(2507, 3112),
(2507, 3113),
(2507, 3114),
(2507, 3115),
(2507, 3116),
(2507, 3117),
(2507, 3118),
(2507, 3119),
(2416, 3120),
(2507, 3121),
(2507, 3122),
(2507, 3123),
(2507, 3124),
(2507, 3125),
(2507, 3126),
(2507, 3127),
(2507, 3128),
(2507, 3129),
(2723, 3130),
(2507, 3131),
(2507, 3132),
(2507, 3133),
(2507, 3134),
(2507, 3135),
(2507, 3136),
(2507, 3137),
(2507, 3138),
(2507, 3139),
(2507, 3140),
(2507, 3141),
(2507, 3142),
(2507, 3143),
(2507, 3144),
(2507, 3145),
(2507, 3146),
(2507, 3147),
(2507, 3148),
(2507, 3149),
(2507, 3150),
(2507, 3151),
(2507, 3152),
(2507, 3153),
(2507, 3154),
(2507, 3155),
(2507, 3156),
(2507, 3157),
(2416, 3158),
(2416, 3159),
(2507, 3160),
(2416, 3161),
(2416, 3162),
(2416, 3163),
(2507, 3164),
(3168, 3167),
(2507, 3169),
(2507, 3170),
(2507, 3171),
(2507, 3172),
(2507, 3173),
(2507, 3174),
(2507, 3175),
(2507, 3176),
(2507, 3177),
(2507, 3178),
(2507, 3179),
(2723, 3180),
(2507, 3181),
(2507, 3182),
(2507, 3183),
(3168, 3184),
(2416, 3185),
(2416, 3186),
(2507, 3187),
(2643, 3188),
(2507, 3189),
(2416, 3190),
(2416, 3191),
(2507, 3192),
(2416, 3193),
(2507, 3194),
(2507, 3195),
(2507, 3196),
(2416, 3197),
(2755, 3198),
(2507, 3199),
(2507, 3200),
(2755, 3201),
(2416, 3202),
(2755, 3203),
(2755, 3204),
(2755, 3205),
(2416, 3206),
(3168, 3207),
(2416, 3208),
(3168, 3209),
(3168, 3210),
(2723, 3211),
(2755, 3212),
(3168, 3213),
(2416, 3214),
(2416, 3215),
(2416, 3216),
(2643, 3217),
(3168, 3218),
(2507, 3219),
(2416, 3220),
(2416, 3221),
(2416, 3222),
(2507, 3223),
(3168, 3224),
(2507, 3225),
(2723, 3226),
(2755, 3227),
(2755, 3228),
(2507, 3229),
(2723, 3230),
(2507, 3231),
(2416, 3232),
(2755, 3233),
(2416, 3234),
(2755, 3235),
(2416, 3236),
(2507, 3237),
(2416, 3238),
(2723, 3239),
(2755, 3240),
(2755, 3241),
(2416, 3242),
(2755, 3243),
(2755, 3244),
(2755, 3245),
(2755, 3246),
(2723, 3247),
(2416, 3248),
(2755, 3249),
(2755, 3250),
(2723, 3251),
(2755, 3252),
(2755, 3253),
(2755, 3254),
(2755, 3255),
(636, 3256),
(2755, 3257),
(2643, 3258),
(2755, 3259),
(2755, 3260),
(2755, 3261),
(2755, 3262),
(2643, 3263),
(2723, 3264),
(2723, 3265),
(2755, 3266),
(2416, 3267),
(2755, 3268),
(2416, 3269),
(2416, 3270),
(2507, 3271),
(2416, 3272),
(2416, 3273),
(2755, 3274),
(3278, 3277),
(2755, 3279),
(2755, 3280),
(2507, 3281),
(2723, 3282),
(2755, 3283),
(2755, 3284),
(2723, 3285),
(3278, 3286),
(2755, 3287),
(2723, 3288),
(2755, 3289),
(2755, 3290),
(2755, 3291),
(2723, 3292),
(2416, 3293),
(2755, 3294),
(2416, 3295),
(2723, 3296),
(2755, 3297),
(2723, 3298),
(3168, 3299),
(2723, 3300),
(2507, 3301),
(2507, 3302),
(3278, 3303),
(2507, 3304),
(2723, 3305),
(2723, 3306),
(2507, 3307),
(2755, 3308),
(2723, 3309),
(2723, 3310),
(2723, 3311),
(2507, 3312),
(2507, 3313),
(2507, 3314),
(2723, 3315),
(3278, 3316),
(2507, 3317),
(2507, 3318),
(3168, 3319),
(2507, 3320),
(2416, 3321),
(2507, 3322),
(2507, 3323),
(2416, 3324),
(2416, 3325),
(2507, 3326),
(2723, 3327),
(2723, 3328),
(2507, 3329),
(2507, 3330),
(2416, 3331),
(2507, 3332),
(2507, 3333),
(2507, 3334),
(2507, 3335),
(2507, 3336),
(3340, 3339),
(2507, 3341),
(2507, 3342),
(2416, 3343),
(2416, 3344),
(2723, 3345),
(2416, 3346),
(2416, 3347),
(3351, 3350),
(482, 3352),
(2691, 3353),
(2691, 3354),
(2691, 3355),
(2691, 3356),
(2691, 3357),
(2723, 3358),
(2691, 3359),
(2416, 3360),
(2416, 3361),
(2643, 3362),
(2416, 3363),
(2416, 3364),
(2416, 3365),
(2723, 3366),
(2416, 3367),
(2691, 3368),
(2691, 3369),
(2691, 3370),
(2691, 3371),
(2691, 3372),
(2691, 3373),
(2691, 3374),
(2691, 3375),
(2691, 3376),
(2416, 3377),
(2416, 3378),
(2643, 3379),
(2691, 3380),
(2691, 3381),
(2507, 3382),
(3386, 3385),
(2507, 3387),
(3386, 3388),
(2507, 3389),
(2507, 3390),
(2507, 3391),
(2691, 3392),
(2691, 3393),
(2643, 3394),
(2691, 3395),
(2416, 3396),
(2416, 3397),
(3168, 3398),
(2691, 3399),
(2723, 3400),
(2416, 3401),
(3405, 3404),
(3405, 3406);

-- --------------------------------------------------------

--
-- Table structure for table `dc_charger`
--

CREATE TABLE `dc_charger` (
  `id` bigint NOT NULL,
  `is_default_charging_curve` bit(1) DEFAULT NULL,
  `max_power` float NOT NULL,
  `ports` tinyblob
) ENGINE=InnoDB DEFAULT CHARSET=utf8mb4 COLLATE=utf8mb4_0900_ai_ci;

--
-- Dumping data for table `dc_charger`
--

INSERT INTO `dc_charger` (`id`, `is_default_charging_curve`, `max_power`, `ports`) VALUES
(9, b'0', 155, 0xaced0005757200135b4c6a6176612e6c616e672e537472696e673badd256e7e91d7b47020000787000000001740003636373),
(17, b'0', 155, 0xaced0005757200135b4c6a6176612e6c616e672e537472696e673badd256e7e91d7b47020000787000000001740003636373),
(22, b'1', 125, 0xaced0005757200135b4c6a6176612e6c616e672e537472696e673badd256e7e91d7b47020000787000000001740003636373),
(27, b'1', 125, 0xaced0005757200135b4c6a6176612e6c616e672e537472696e673badd256e7e91d7b47020000787000000001740003636373),
(35, b'0', 47, 0xaced0005757200135b4c6a6176612e6c616e672e537472696e673badd256e7e91d7b47020000787000000001740003636373),
(41, b'0', 50, 0xaced0005757200135b4c6a6176612e6c616e672e537472696e673badd256e7e91d7b47020000787000000001740003636373),
(46, b'0', 50, 0xaced0005757200135b4c6a6176612e6c616e672e537472696e673badd256e7e91d7b47020000787000000001740003636373),
(52, b'1', 50, 0xaced0005757200135b4c6a6176612e6c616e672e537472696e673badd256e7e91d7b4702000078700000000174000763686164656d6f),
(58, b'1', 85, 0xaced0005757200135b4c6a6176612e6c616e672e537472696e673badd256e7e91d7b47020000787000000001740003636373),
(63, b'1', 50, 0xaced0005757200135b4c6a6176612e6c616e672e537472696e673badd256e7e91d7b47020000787000000001740003636373),
(69, b'1', 50, 0xaced0005757200135b4c6a6176612e6c616e672e537472696e673badd256e7e91d7b47020000787000000001740003636373),
(74, b'1', 50, 0xaced0005757200135b4c6a6176612e6c616e672e537472696e673badd256e7e91d7b47020000787000000001740003636373),
(81, b'0', 69, 0xaced0005757200135b4c6a6176612e6c616e672e537472696e673badd256e7e91d7b47020000787000000001740003636373),
(86, b'1', 47, 0xaced0005757200135b4c6a6176612e6c616e672e537472696e673badd256e7e91d7b47020000787000000001740003636373),
(100, b'0', 77, 0xaced0005757200135b4c6a6176612e6c616e672e537472696e673badd256e7e91d7b47020000787000000001740003636373),
(113, b'0', 77, 0xaced0005757200135b4c6a6176612e6c616e672e537472696e673badd256e7e91d7b47020000787000000001740003636373),
(120, b'0', 105, 0xaced0005757200135b4c6a6176612e6c616e672e537472696e673badd256e7e91d7b47020000787000000001740003636373),
(125, b'1', 50, 0xaced0005757200135b4c6a6176612e6c616e672e537472696e673badd256e7e91d7b47020000787000000001740003636373),
(130, b'1', 50, 0xaced0005757200135b4c6a6176612e6c616e672e537472696e673badd256e7e91d7b4702000078700000000174000763686164656d6f),
(135, b'1', 50, 0xaced0005757200135b4c6a6176612e6c616e672e537472696e673badd256e7e91d7b4702000078700000000174000763686164656d6f),
(140, b'1', 50, 0xaced0005757200135b4c6a6176612e6c616e672e537472696e673badd256e7e91d7b47020000787000000001740003636373),
(153, b'0', 77, 0xaced0005757200135b4c6a6176612e6c616e672e537472696e673badd256e7e91d7b47020000787000000001740003636373),
(166, b'0', 77, 0xaced0005757200135b4c6a6176612e6c616e672e537472696e673badd256e7e91d7b47020000787000000001740003636373),
(179, b'0', 77, 0xaced0005757200135b4c6a6176612e6c616e672e537472696e673badd256e7e91d7b47020000787000000001740003636373),
(184, b'1', 77, 0xaced0005757200135b4c6a6176612e6c616e672e537472696e673badd256e7e91d7b47020000787000000001740003636373),
(191, b'0', 125, 0xaced0005757200135b4c6a6176612e6c616e672e537472696e673badd256e7e91d7b47020000787000000001740003636373),
(197, b'1', 50, 0xaced0005757200135b4c6a6176612e6c616e672e537472696e673badd256e7e91d7b4702000078700000000174000763686164656d6f),
(202, b'1', 22, 0xaced0005757200135b4c6a6176612e6c616e672e537472696e673badd256e7e91d7b4702000078700000000174000763686164656d6f),
(207, b'1', 46, 0xaced0005757200135b4c6a6176612e6c616e672e537472696e673badd256e7e91d7b4702000078700000000174000763686164656d6f),
(212, b'1', 46, 0xaced0005757200135b4c6a6176612e6c616e672e537472696e673badd256e7e91d7b4702000078700000000174000763686164656d6f),
(217, b'1', 46, 0xaced0005757200135b4c6a6176612e6c616e672e537472696e673badd256e7e91d7b4702000078700000000174000763686164656d6f),
(222, b'0', 46, 0xaced0005757200135b4c6a6176612e6c616e672e537472696e673badd256e7e91d7b4702000078700000000174000763686164656d6f),
(227, b'0', 46, 0xaced0005757200135b4c6a6176612e6c616e672e537472696e673badd256e7e91d7b4702000078700000000174000763686164656d6f),
(233, b'0', 47, 0xaced0005757200135b4c6a6176612e6c616e672e537472696e673badd256e7e91d7b4702000078700000000174000763686164656d6f),
(239, b'0', 47, 0xaced0005757200135b4c6a6176612e6c616e672e537472696e673badd256e7e91d7b4702000078700000000174000763686164656d6f),
(245, b'0', 45, 0xaced0005757200135b4c6a6176612e6c616e672e537472696e673badd256e7e91d7b4702000078700000000174000763686164656d6f),
(250, b'1', 100, 0xaced0005757200135b4c6a6176612e6c616e672e537472696e673badd256e7e91d7b4702000078700000000174000763686164656d6f),
(255, b'0', 45, 0xaced0005757200135b4c6a6176612e6c616e672e537472696e673badd256e7e91d7b47020000787000000001740003636373),
(261, b'1', 50, 0xaced0005757200135b4c6a6176612e6c616e672e537472696e673badd256e7e91d7b4702000078700000000174000763686164656d6f),
(270, b'1', 45, 0xaced0005757200135b4c6a6176612e6c616e672e537472696e673badd256e7e91d7b47020000787000000001740003636373),
(276, b'0', 46, 0xaced0005757200135b4c6a6176612e6c616e672e537472696e673badd256e7e91d7b47020000787000000001740003636373),
(290, b'0', 149, 0xaced0005757200135b4c6a6176612e6c616e672e537472696e673badd256e7e91d7b470200007870000000027400036363737400097465736c615f636373),
(296, b'0', 195, 0xaced0005757200135b4c6a6176612e6c616e672e537472696e673badd256e7e91d7b470200007870000000027400036363737400097465736c615f636373),
(302, b'0', 195, 0xaced0005757200135b4c6a6176612e6c616e672e537472696e673badd256e7e91d7b470200007870000000027400036363737400097465736c615f636373),
(307, b'1', 100, 0xaced0005757200135b4c6a6176612e6c616e672e537472696e673badd256e7e91d7b4702000078700000000374000363637374000763686164656d6f7400097465736c615f737563),
(312, b'1', 100, 0xaced0005757200135b4c6a6176612e6c616e672e537472696e673badd256e7e91d7b4702000078700000000374000363637374000763686164656d6f7400097465736c615f737563),
(317, b'1', 120, 0xaced0005757200135b4c6a6176612e6c616e672e537472696e673badd256e7e91d7b4702000078700000000374000363637374000763686164656d6f7400097465736c615f737563),
(323, b'0', 140, 0xaced0005757200135b4c6a6176612e6c616e672e537472696e673badd256e7e91d7b4702000078700000000374000363637374000763686164656d6f7400097465736c615f737563),
(329, b'0', 140, 0xaced0005757200135b4c6a6176612e6c616e672e537472696e673badd256e7e91d7b4702000078700000000374000363637374000763686164656d6f7400097465736c615f737563),
(335, b'0', 140, 0xaced0005757200135b4c6a6176612e6c616e672e537472696e673badd256e7e91d7b4702000078700000000374000363637374000763686164656d6f7400097465736c615f737563),
(341, b'0', 140, 0xaced0005757200135b4c6a6176612e6c616e672e537472696e673badd256e7e91d7b4702000078700000000374000363637374000763686164656d6f7400097465736c615f737563),
(347, b'0', 140, 0xaced0005757200135b4c6a6176612e6c616e672e537472696e673badd256e7e91d7b4702000078700000000374000363637374000763686164656d6f7400097465736c615f737563),
(353, b'0', 140, 0xaced0005757200135b4c6a6176612e6c616e672e537472696e673badd256e7e91d7b4702000078700000000374000363637374000763686164656d6f7400097465736c615f737563),
(359, b'0', 140, 0xaced0005757200135b4c6a6176612e6c616e672e537472696e673badd256e7e91d7b4702000078700000000374000363637374000763686164656d6f7400097465736c615f737563),
(365, b'0', 140, 0xaced0005757200135b4c6a6176612e6c616e672e537472696e673badd256e7e91d7b4702000078700000000374000363637374000763686164656d6f7400097465736c615f737563),
(371, b'0', 140, 0xaced0005757200135b4c6a6176612e6c616e672e537472696e673badd256e7e91d7b4702000078700000000374000363637374000763686164656d6f7400097465736c615f737563),
(377, b'0', 140, 0xaced0005757200135b4c6a6176612e6c616e672e537472696e673badd256e7e91d7b4702000078700000000374000363637374000763686164656d6f7400097465736c615f737563),
(383, b'0', 140, 0xaced0005757200135b4c6a6176612e6c616e672e537472696e673badd256e7e91d7b4702000078700000000374000363637374000763686164656d6f7400097465736c615f737563),
(389, b'0', 140, 0xaced0005757200135b4c6a6176612e6c616e672e537472696e673badd256e7e91d7b4702000078700000000374000363637374000763686164656d6f7400097465736c615f737563),
(396, b'0', 44, 0xaced0005757200135b4c6a6176612e6c616e672e537472696e673badd256e7e91d7b47020000787000000001740003636373),
(402, b'0', 40, 0xaced0005757200135b4c6a6176612e6c616e672e537472696e673badd256e7e91d7b47020000787000000001740003636373),
(409, b'0', 44, 0xaced0005757200135b4c6a6176612e6c616e672e537472696e673badd256e7e91d7b47020000787000000001740003636373),
(419, b'0', 34, 0xaced0005757200135b4c6a6176612e6c616e672e537472696e673badd256e7e91d7b47020000787000000001740003636373),
(424, b'1', 50, 0xaced0005757200135b4c6a6176612e6c616e672e537472696e673badd256e7e91d7b47020000787000000001740003636373),
(429, b'1', 100, 0xaced0005757200135b4c6a6176612e6c616e672e537472696e673badd256e7e91d7b47020000787000000001740003636373),
(434, b'1', 125, 0xaced0005757200135b4c6a6176612e6c616e672e537472696e673badd256e7e91d7b47020000787000000001740003636373),
(448, b'0', 97, 0xaced0005757200135b4c6a6176612e6c616e672e537472696e673badd256e7e91d7b47020000787000000001740003636373),
(460, b'0', 97, 0xaced0005757200135b4c6a6176612e6c616e672e537472696e673badd256e7e91d7b47020000787000000001740003636373),
(472, b'0', 97, 0xaced0005757200135b4c6a6176612e6c616e672e537472696e673badd256e7e91d7b47020000787000000001740003636373),
(479, b'1', 100, 0xaced0005757200135b4c6a6176612e6c616e672e537472696e673badd256e7e91d7b47020000787000000001740003636373),
(506, b'0', 97, 0xaced0005757200135b4c6a6176612e6c616e672e537472696e673badd256e7e91d7b47020000787000000001740003636373),
(531, b'0', 97, 0xaced0005757200135b4c6a6176612e6c616e672e537472696e673badd256e7e91d7b47020000787000000001740003636373),
(548, b'1', 50, 0xaced0005757200135b4c6a6176612e6c616e672e537472696e673badd256e7e91d7b47020000787000000001740003636373),
(559, b'1', 60, 0xaced0005757200135b4c6a6176612e6c616e672e537472696e673badd256e7e91d7b47020000787000000001740003636373),
(570, b'1', 270, 0xaced0005757200135b4c6a6176612e6c616e672e537472696e673badd256e7e91d7b47020000787000000001740003636373),
(582, b'1', 225, 0xaced0005757200135b4c6a6176612e6c616e672e537472696e673badd256e7e91d7b47020000787000000001740003636373),
(593, b'1', 270, 0xaced0005757200135b4c6a6176612e6c616e672e537472696e673badd256e7e91d7b47020000787000000001740003636373),
(604, b'1', 270, 0xaced0005757200135b4c6a6176612e6c616e672e537472696e673badd256e7e91d7b47020000787000000001740003636373),
(615, b'1', 55, 0xaced0005757200135b4c6a6176612e6c616e672e537472696e673badd256e7e91d7b47020000787000000001740003636373),
(626, b'1', 28, 0xaced0005757200135b4c6a6176612e6c616e672e537472696e673badd256e7e91d7b47020000787000000001740003636373),
(637, b'1', 150, 0xaced0005757200135b4c6a6176612e6c616e672e537472696e673badd256e7e91d7b47020000787000000001740003636373),
(650, b'0', 34, 0xaced0005757200135b4c6a6176612e6c616e672e537472696e673badd256e7e91d7b47020000787000000001740003636373),
(663, b'0', 34, 0xaced0005757200135b4c6a6176612e6c616e672e537472696e673badd256e7e91d7b47020000787000000001740003636373),
(674, b'1', 100, 0xaced0005757200135b4c6a6176612e6c616e672e537472696e673badd256e7e91d7b47020000787000000001740003636373),
(685, b'1', 100, 0xaced0005757200135b4c6a6176612e6c616e672e537472696e673badd256e7e91d7b47020000787000000001740003636373),
(696, b'1', 100, 0xaced0005757200135b4c6a6176612e6c616e672e537472696e673badd256e7e91d7b47020000787000000001740003636373),
(726, b'1', 50, 0xaced0005757200135b4c6a6176612e6c616e672e537472696e673badd256e7e91d7b47020000787000000001740003636373),
(741, b'0', 55, 0xaced0005757200135b4c6a6176612e6c616e672e537472696e673badd256e7e91d7b47020000787000000001740003636373),
(751, b'1', 50, 0xaced0005757200135b4c6a6176612e6c616e672e537472696e673badd256e7e91d7b47020000787000000001740003636373),
(761, b'1', 50, 0xaced0005757200135b4c6a6176612e6c616e672e537472696e673badd256e7e91d7b47020000787000000001740003636373),
(784, b'1', 24, 0xaced0005757200135b4c6a6176612e6c616e672e537472696e673badd256e7e91d7b47020000787000000001740003636373),
(816, b'1', 50, 0xaced0005757200135b4c6a6176612e6c616e672e537472696e673badd256e7e91d7b47020000787000000001740003636373),
(827, b'1', 50, 0xaced0005757200135b4c6a6176612e6c616e672e537472696e673badd256e7e91d7b47020000787000000001740003636373),
(838, b'1', 100, 0xaced0005757200135b4c6a6176612e6c616e672e537472696e673badd256e7e91d7b47020000787000000001740003636373),
(849, b'1', 50, 0xaced0005757200135b4c6a6176612e6c616e672e537472696e673badd256e7e91d7b47020000787000000001740003636373),
(860, b'1', 125, 0xaced0005757200135b4c6a6176612e6c616e672e537472696e673badd256e7e91d7b47020000787000000001740003636373),
(871, b'1', 60, 0xaced0005757200135b4c6a6176612e6c616e672e537472696e673badd256e7e91d7b47020000787000000001740003636373);

-- --------------------------------------------------------

--
-- Table structure for table `dc_charger_charging_curve`
--

CREATE TABLE `dc_charger_charging_curve` (
  `dc_charger_id` bigint NOT NULL,
  `charging_curve_id` bigint NOT NULL
) ENGINE=InnoDB DEFAULT CHARSET=utf8mb4 COLLATE=utf8mb4_0900_ai_ci;

--
-- Dumping data for table `dc_charger_charging_curve`
--

INSERT INTO `dc_charger_charging_curve` (`dc_charger_id`, `charging_curve_id`) VALUES
(9, 3),
(9, 4),
(9, 5),
(9, 6),
(9, 7),
(9, 8),
(17, 11),
(17, 12),
(17, 13),
(17, 14),
(17, 15),
(17, 16),
(22, 19),
(22, 20),
(22, 21),
(27, 24),
(27, 25),
(27, 26),
(35, 30),
(35, 31),
(35, 32),
(35, 33),
(35, 34),
(41, 37),
(41, 38),
(41, 39),
(41, 40),
(46, 43),
(46, 44),
(46, 45),
(52, 49),
(52, 50),
(52, 51),
(58, 55),
(58, 56),
(58, 57),
(63, 60),
(63, 61),
(63, 62),
(69, 66),
(69, 67),
(69, 68),
(74, 71),
(74, 72),
(74, 73),
(81, 76),
(81, 77),
(81, 78),
(81, 79),
(81, 80),
(86, 83),
(86, 84),
(86, 85),
(100, 89),
(100, 90),
(100, 91),
(100, 92),
(100, 93),
(100, 94),
(100, 95),
(100, 96),
(100, 97),
(100, 98),
(100, 99),
(113, 102),
(113, 103),
(113, 104),
(113, 105),
(113, 106),
(113, 107),
(113, 108),
(113, 109),
(113, 110),
(113, 111),
(113, 112),
(120, 115),
(120, 116),
(120, 117),
(120, 118),
(120, 119),
(125, 122),
(125, 123),
(125, 124),
(130, 127),
(130, 128),
(130, 129),
(135, 132),
(135, 133),
(135, 134),
(140, 137),
(140, 138),
(140, 139),
(153, 142),
(153, 143),
(153, 144),
(153, 145),
(153, 146),
(153, 147),
(153, 148),
(153, 149),
(153, 150),
(153, 151),
(153, 152),
(166, 155),
(166, 156),
(166, 157),
(166, 158),
(166, 159),
(166, 160),
(166, 161),
(166, 162),
(166, 163),
(166, 164),
(166, 165),
(179, 168),
(179, 169),
(179, 170),
(179, 171),
(179, 172),
(179, 173),
(179, 174),
(179, 175),
(179, 176),
(179, 177),
(179, 178),
(184, 181),
(184, 182),
(184, 183),
(191, 186),
(191, 187),
(191, 188),
(191, 189),
(191, 190),
(197, 194),
(197, 195),
(197, 196),
(202, 199),
(202, 200),
(202, 201),
(207, 204),
(207, 205),
(207, 206),
(212, 209),
(212, 210),
(212, 211),
(217, 214),
(217, 215),
(217, 216),
(222, 219),
(222, 220),
(222, 221),
(227, 224),
(227, 225),
(227, 226),
(233, 229),
(233, 230),
(233, 231),
(233, 232),
(239, 235),
(239, 236),
(239, 237),
(239, 238),
(245, 241),
(245, 242),
(245, 243),
(245, 244),
(250, 247),
(250, 248),
(250, 249),
(255, 252),
(255, 253),
(255, 254),
(261, 258),
(261, 259),
(261, 260),
(270, 267),
(270, 268),
(270, 269),
(276, 272),
(276, 273),
(276, 274),
(276, 275),
(290, 286),
(290, 287),
(290, 288),
(290, 289),
(296, 292),
(296, 293),
(296, 294),
(296, 295),
(302, 298),
(302, 299),
(302, 300),
(302, 301),
(307, 304),
(307, 305),
(307, 306),
(312, 309),
(312, 310),
(312, 311),
(317, 314),
(317, 315),
(317, 316),
(323, 319),
(323, 320),
(323, 321),
(323, 322),
(329, 325),
(329, 326),
(329, 327),
(329, 328),
(335, 331),
(335, 332),
(335, 333),
(335, 334),
(341, 337),
(341, 338),
(341, 339),
(341, 340),
(347, 343),
(347, 344),
(347, 345),
(347, 346),
(353, 349),
(353, 350),
(353, 351),
(353, 352),
(359, 355),
(359, 356),
(359, 357),
(359, 358),
(365, 361),
(365, 362),
(365, 363),
(365, 364),
(371, 367),
(371, 368),
(371, 369),
(371, 370),
(377, 373),
(377, 374),
(377, 375),
(377, 376),
(383, 379),
(383, 380),
(383, 381),
(383, 382),
(389, 385),
(389, 386),
(389, 387),
(389, 388),
(396, 391),
(396, 392),
(396, 393),
(396, 394),
(396, 395),
(402, 398),
(402, 399),
(402, 400),
(402, 401),
(409, 404),
(409, 405),
(409, 406),
(409, 407),
(409, 408),
(419, 415),
(419, 416),
(419, 417),
(419, 418),
(424, 421),
(424, 422),
(424, 423),
(429, 426),
(429, 427),
(429, 428),
(434, 431),
(434, 432),
(434, 433),
(448, 438),
(448, 439),
(448, 440),
(448, 441),
(448, 442),
(448, 443),
(448, 444),
(448, 445),
(448, 446),
(448, 447),
(460, 450),
(460, 451),
(460, 452),
(460, 453),
(460, 454),
(460, 455),
(460, 456),
(460, 457),
(460, 458),
(460, 459),
(472, 462),
(472, 463),
(472, 464),
(472, 465),
(472, 466),
(472, 467),
(472, 468),
(472, 469),
(472, 470),
(472, 471),
(479, 474),
(479, 475),
(479, 477),
(506, 486),
(506, 488),
(506, 490),
(506, 492),
(506, 494),
(506, 496),
(506, 498),
(506, 500),
(506, 502),
(506, 504),
(531, 511),
(531, 513),
(531, 515),
(531, 517),
(531, 519),
(531, 521),
(531, 523),
(531, 525),
(531, 527),
(531, 529),
(548, 542),
(548, 544),
(548, 546),
(559, 553),
(559, 555),
(559, 557),
(570, 564),
(570, 566),
(570, 568),
(582, 576),
(582, 578),
(582, 580),
(593, 587),
(593, 589),
(593, 591),
(604, 598),
(604, 600),
(604, 602),
(615, 609),
(615, 611),
(615, 613),
(626, 620),
(626, 622),
(626, 624),
(637, 631),
(637, 633),
(637, 635),
(650, 642),
(650, 644),
(650, 646),
(650, 648),
(663, 655),
(663, 657),
(663, 659),
(663, 661),
(674, 668),
(674, 670),
(674, 672),
(685, 679),
(685, 681),
(685, 683),
(696, 690),
(696, 692),
(696, 694),
(726, 720),
(726, 722),
(726, 724),
(741, 731),
(741, 733),
(741, 735),
(741, 737),
(741, 739),
(751, 745),
(751, 747),
(751, 749),
(761, 756),
(761, 758),
(761, 760),
(784, 778),
(784, 780),
(784, 782),
(816, 810),
(816, 812),
(816, 814),
(827, 821),
(827, 823),
(827, 825),
(838, 832),
(838, 834),
(838, 836),
(849, 843),
(849, 845),
(849, 847),
(860, 854),
(860, 856),
(860, 858),
(871, 865),
(871, 867),
(871, 869);

-- --------------------------------------------------------

--
-- Table structure for table `energy_provider`
--

CREATE TABLE `energy_provider` (
  `id` bigint NOT NULL,
  `brand_name` varchar(255) DEFAULT NULL,
  `high_price` float NOT NULL,
  `low_price` float NOT NULL,
  `lowto_mid_limit` float NOT NULL,
  `mid_price` float NOT NULL,
  `midto_high_limit` float NOT NULL
) ENGINE=InnoDB DEFAULT CHARSET=utf8mb4 COLLATE=utf8mb4_0900_ai_ci;

--
-- Dumping data for table `energy_provider`
--

INSERT INTO `energy_provider` (`id`, `brand_name`, `high_price`, `low_price`, `lowto_mid_limit`, `mid_price`, `midto_high_limit`) VALUES
(1097, 'PPC', 0.57, 0.57, 0, 0.57, 0),
(1099, 'Protergia', 0.6, 0.57, 20, 0.58, 40),
(1101, 'Watt+Volt', 0.65, 0.52, 15, 0.59, 35),
(1103, 'Elpedison', 0.64, 0.5, 10, 0.61, 25);

-- --------------------------------------------------------

--
-- Table structure for table `hibernate_sequence`
--

CREATE TABLE `hibernate_sequence` (
  `next_val` bigint DEFAULT NULL
) ENGINE=InnoDB DEFAULT CHARSET=utf8mb4 COLLATE=utf8mb4_0900_ai_ci;

--
-- Dumping data for table `hibernate_sequence`
--

INSERT INTO `hibernate_sequence` (`next_val`) VALUES
(3589);

-- --------------------------------------------------------

--
-- Table structure for table `operator`
--

CREATE TABLE `operator` (
  `id` bigint NOT NULL,
  `name` varchar(255) DEFAULT NULL
) ENGINE=InnoDB DEFAULT CHARSET=utf8mb4 COLLATE=utf8mb4_0900_ai_ci;

--
-- Dumping data for table `operator`
--

INSERT INTO `operator` (`id`, `name`) VALUES
(484, NULL),
(491, NULL),
(499, NULL),
(507, NULL),
(514, NULL),
(522, NULL),
(530, NULL),
(537, NULL),
(543, NULL),
(558, NULL),
(565, NULL),
(572, NULL),
(579, NULL),
(594, NULL),
(601, NULL),
(608, NULL),
(616, NULL),
(623, NULL),
(638, NULL),
(645, NULL),
(653, NULL),
(660, NULL),
(667, NULL),
(675, NULL),
(682, NULL),
(689, NULL),
(697, NULL),
(704, NULL),
(710, NULL),
(716, NULL),
(723, NULL),
(730, NULL),
(738, NULL),
(746, NULL),
(754, NULL),
(764, NULL),
(770, NULL),
(776, NULL),
(783, NULL),
(790, NULL),
(796, NULL),
(802, NULL),
(808, NULL),
(815, NULL),
(822, NULL),
(830, NULL),
(837, NULL),
(844, NULL),
(852, NULL),
(859, NULL),
(866, NULL),
(874, NULL),
(878, NULL),
(882, NULL),
(886, NULL),
(890, NULL),
(894, NULL),
(898, NULL),
(902, NULL),
(906, NULL),
(910, NULL),
(914, NULL),
(918, NULL),
(922, NULL),
(926, NULL),
(930, NULL),
(934, NULL),
(938, NULL),
(942, NULL),
(946, NULL),
(954, NULL),
(958, NULL),
(962, NULL),
(966, NULL),
(970, NULL),
(974, NULL),
(978, NULL),
(982, NULL),
(986, NULL),
(990, NULL),
(994, NULL),
(998, NULL),
(1002, NULL),
(1006, NULL),
(1010, NULL),
(1014, NULL),
(1018, NULL),
(1022, NULL),
(1026, NULL),
(1030, NULL),
(1034, NULL),
(1038, NULL),
(1042, NULL),
(1046, NULL),
(1050, NULL),
(1054, NULL),
(1058, NULL),
(1062, NULL),
(1066, NULL),
(1070, NULL),
(1074, NULL),
(1078, NULL),
(1082, NULL),
(1086, NULL),
(1090, NULL),
(1094, NULL),
(1100, NULL),
(1106, NULL),
(1110, NULL),
(1114, NULL),
(1118, NULL),
(1122, NULL),
(1126, NULL),
(1130, NULL),
(1134, NULL),
(1138, NULL),
(1142, NULL),
(1146, NULL),
(1150, NULL),
(1154, NULL),
(1158, NULL),
(1162, NULL),
(1232, NULL),
(1236, NULL),
(1240, NULL),
(1245, NULL),
(1249, NULL),
(1253, NULL),
(1257, NULL),
(1261, NULL),
(1265, NULL),
(1269, NULL),
(1273, NULL),
(1277, NULL),
(1281, NULL),
(1285, NULL),
(1289, NULL),
(1293, NULL),
(1297, NULL),
(1301, NULL),
(1305, NULL),
(1309, NULL),
(1313, NULL),
(1317, NULL),
(1321, NULL),
(1325, NULL),
(1329, NULL),
(1333, NULL),
(1337, NULL),
(1341, NULL),
(1345, NULL),
(1367, NULL),
(1371, NULL),
(1376, NULL),
(1380, NULL),
(1387, NULL),
(1391, NULL),
(1395, NULL),
(1399, NULL),
(1403, NULL),
(1407, NULL),
(1411, NULL),
(1415, NULL),
(1419, NULL),
(1423, NULL),
(1431, NULL),
(1435, NULL),
(1439, NULL),
(1448, NULL),
(1452, NULL),
(1456, NULL),
(1460, NULL),
(1464, NULL),
(1468, NULL),
(1472, NULL),
(1476, NULL),
(1480, NULL),
(1484, NULL),
(1488, NULL),
(1492, NULL),
(1496, NULL),
(1500, NULL),
(1504, NULL),
(1508, NULL),
(1512, NULL),
(1516, NULL),
(1520, NULL),
(1524, NULL),
(1528, NULL),
(1532, NULL),
(1536, NULL),
(1540, NULL),
(1544, NULL),
(1548, NULL),
(1552, NULL),
(1557, NULL),
(1561, NULL),
(1565, NULL),
(1569, NULL),
(1573, NULL),
(1577, NULL),
(1581, NULL),
(1585, NULL),
(1589, NULL),
(1593, NULL),
(1597, NULL),
(1601, NULL),
(1605, NULL),
(1609, NULL),
(1613, NULL),
(1617, NULL),
(1621, NULL),
(1625, NULL),
(1629, NULL),
(1634, NULL),
(1638, NULL),
(1642, NULL),
(1646, NULL),
(1650, NULL),
(1654, NULL),
(1658, NULL),
(1662, NULL),
(1666, NULL),
(1670, NULL),
(1674, NULL),
(1678, NULL),
(1682, NULL),
(1686, NULL),
(1690, NULL),
(1694, NULL),
(1698, NULL),
(1702, NULL),
(1706, NULL),
(1710, NULL),
(1714, NULL),
(1718, NULL),
(1722, NULL),
(1726, NULL),
(1730, NULL),
(1734, NULL),
(1738, NULL),
(1742, NULL),
(1746, NULL),
(1750, NULL),
(1754, NULL),
(1758, NULL),
(1762, NULL),
(1766, NULL),
(1770, NULL),
(1774, NULL),
(1778, NULL),
(1782, NULL),
(1786, NULL),
(1790, NULL),
(1794, NULL),
(1798, NULL),
(1802, NULL),
(1806, NULL),
(1810, NULL),
(1814, NULL),
(1818, NULL),
(1823, NULL),
(1827, NULL),
(1831, NULL),
(1835, NULL),
(1839, NULL),
(1843, NULL),
(1847, NULL),
(1851, NULL),
(1855, NULL),
(1859, NULL),
(1863, NULL),
(1867, NULL),
(1871, NULL),
(1875, NULL),
(1879, NULL),
(1883, NULL),
(1887, NULL),
(1891, NULL),
(1895, NULL),
(1899, NULL),
(1903, NULL),
(1907, NULL),
(1911, NULL),
(1915, NULL),
(1919, NULL),
(1923, NULL),
(1927, NULL),
(1931, NULL),
(1935, NULL),
(1939, NULL),
(1943, NULL),
(1947, NULL),
(1951, NULL),
(1955, NULL),
(1959, NULL),
(1963, NULL),
(1967, NULL),
(1971, NULL),
(1975, NULL),
(1979, NULL),
(1983, NULL),
(1987, NULL),
(1991, NULL),
(1995, NULL),
(1999, NULL),
(2003, NULL),
(2007, NULL),
(2011, NULL),
(2015, NULL),
(2019, NULL),
(2023, NULL),
(2027, NULL),
(2031, NULL),
(2035, NULL),
(2039, NULL),
(2043, NULL),
(2047, NULL),
(2051, NULL),
(2055, NULL),
(2059, NULL),
(2063, NULL),
(2067, NULL),
(2071, NULL),
(2075, NULL),
(2079, NULL),
(2083, NULL),
(2087, NULL),
(2091, NULL),
(2095, NULL),
(2099, NULL),
(2103, NULL),
(2107, NULL),
(2111, NULL),
(2115, NULL),
(2119, NULL),
(2123, NULL),
(2127, NULL),
(2131, NULL),
(2135, NULL),
(2139, NULL),
(2143, NULL),
(2147, NULL),
(2151, NULL),
(2155, NULL),
(2159, NULL),
(2163, NULL),
(2167, NULL),
(2171, NULL),
(2175, NULL),
(2179, NULL),
(2183, NULL),
(2187, NULL),
(2191, NULL),
(2195, NULL),
(2199, NULL),
(2203, NULL),
(2207, NULL),
(2211, NULL),
(2215, NULL),
(2219, NULL),
(2223, NULL),
(2227, NULL),
(2231, NULL),
(2235, NULL),
(2239, NULL),
(2243, NULL),
(2247, NULL),
(2251, NULL),
(2255, NULL),
(2259, NULL),
(2263, NULL),
(2267, NULL),
(2271, NULL),
(2275, NULL),
(2279, NULL),
(2283, NULL),
(2287, NULL),
(2291, NULL),
(2295, NULL),
(2299, NULL),
(2303, NULL),
(2307, NULL),
(2311, NULL),
(2315, NULL),
(2319, NULL),
(2326, NULL),
(2330, NULL),
(2334, NULL),
(2338, NULL),
(2343, NULL),
(2348, NULL),
(2352, NULL),
(2356, NULL),
(2360, NULL),
(2364, NULL),
(2368, NULL),
(2372, NULL),
(2376, NULL),
(2380, NULL),
(2388, NULL),
(2392, NULL),
(2396, NULL),
(2400, NULL),
(2404, NULL),
(2408, NULL),
(2418, NULL),
(2422, NULL),
(2426, NULL),
(2430, NULL),
(2434, NULL),
(2438, NULL),
(2442, NULL),
(2447, NULL),
(2451, NULL),
(2455, NULL),
(2459, NULL),
(2463, NULL),
(2467, NULL),
(2471, NULL),
(2475, NULL),
(2479, NULL),
(2483, NULL),
(2487, NULL),
(2491, NULL),
(2495, NULL),
(2499, NULL),
(2508, NULL),
(2512, NULL),
(2516, NULL),
(2520, NULL),
(2524, NULL),
(2528, NULL),
(2532, NULL),
(2536, NULL),
(2540, NULL),
(2544, NULL),
(2548, NULL),
(2552, NULL),
(2556, NULL),
(2560, NULL),
(2565, NULL),
(2569, NULL),
(2573, NULL),
(2577, NULL),
(2581, NULL),
(2585, NULL),
(2589, NULL),
(2593, NULL),
(2598, NULL),
(2602, NULL),
(2606, NULL),
(2610, NULL),
(2614, NULL),
(2618, NULL),
(2622, NULL),
(2626, NULL),
(2631, NULL),
(2635, NULL),
(2681, NULL),
(3337, NULL),
(3348, NULL),
(551, '(Business Owner at Location)'),
(2384, '(Private Residence/Individual)'),
(2504, 'AeroVironment'),
(3275, 'AVCON'),
(2688, 'BeCharged'),
(2413, 'Blink Network/ECOtality'),
(3402, 'ChargePoint (Coulomb Technologies)'),
(2720, 'Clipper Creek'),
(2640, 'EATON'),
(586, 'EV Connect'),
(3383, 'eVgo Network'),
(476, 'GreenLots'),
(2752, 'MAGNE Charge'),
(1166, 'Nissan US Dealer Network'),
(950, 'SemaCharge Network'),
(3165, 'Shorepower'),
(630, 'Tesla Motors (Worldwide)');

-- --------------------------------------------------------

--
-- Table structure for table `session`
--

CREATE TABLE `session` (
  `id` bigint NOT NULL,
  `cost` float DEFAULT NULL,
  `energy_delivered` float DEFAULT NULL,
  `finished_on` datetime(6) DEFAULT NULL,
  `payment` varchar(255) DEFAULT NULL,
  `protocol` varchar(255) DEFAULT NULL,
  `started_on` datetime(6) DEFAULT NULL,
  `car_id` varchar(255) NOT NULL,
  `charging_point_id` bigint NOT NULL,
  `energy_provider_id` bigint NOT NULL,
  `user_id` bigint NOT NULL
) ENGINE=InnoDB DEFAULT CHARSET=utf8mb4 COLLATE=utf8mb4_0900_ai_ci;

--
-- Dumping data for table `session`
--

INSERT INTO `session` (`id`, `cost`, `energy_delivered`, `finished_on`, `payment`, `protocol`, `started_on`, `car_id`, `charging_point_id`, `energy_provider_id`, `user_id`) VALUES
(3478, 100, 500, '2020-12-02 19:30:15.000000', 'card', 'one', '2020-12-02 16:45:22.000000', '059c028d-b2a6-4a8d-947a-158c7537b290', 480, 1097, 1),
(3479, 0, 0, '2020-12-02 19:30:22.000000', 'card', 'two', '2020-12-02 16:45:28.000000', '0a663bbf-3b87-4e7a-bd7a-3e9c39961a2b', 480, 1097, 1),
(3480, 0, 0, '2020-12-02 19:30:29.000000', 'card', 'two', '2020-12-02 16:45:34.000000', '0a663bbf-3b87-4e7a-bd7a-3e9c39961a2b', 480, 1097, 1),
(3481, 48.2, 82, '2020-12-02 19:30:36.000000', 'card', 'one', '2020-12-02 16:45:40.000000', '0ec3f440-136c-49f1-8917-c629a27146c7', 480, 1099, 1),
(3482, 6.84, 12, '2020-12-02 19:30:43.000000', 'card', 'two', '2020-12-02 16:45:46.000000', '1c13fba9-2c09-4be1-b5c6-aecd2b253afb', 495, 1099, 1),
(3483, 0.57, 1, '2020-12-02 19:30:50.000000', 'card', 'two', '2020-12-02 16:45:52.000000', '1e8c0cc5-20db-491f-9242-12cf3bc7b962', 495, 1099, 1),
(3484, 300.2, 502, '2020-12-02 19:30:57.000000', 'card', 'one', '2020-12-02 16:45:58.000000', '059c028d-b2a6-4a8d-947a-158c7537b290', 495, 1099, 1),
(3485, 6.22, 12, '2020-12-02 19:30:43.000000', 'card', 'two', '2020-12-02 16:45:46.000000', '1c13fba9-2c09-4be1-b5c6-aecd2b253afb', 495, 1103, 2),
(3486, 0.5, 1, '2020-12-02 19:30:50.000000', 'card', 'two', '2020-12-02 16:45:52.000000', '1e8c0cc5-20db-491f-9242-12cf3bc7b962', 495, 1103, 2),
(3487, 319.43, 502, '2020-12-02 19:30:57.000000', 'card', 'one', '2020-12-02 16:45:58.000000', '059c028d-b2a6-4a8d-947a-158c7537b290', 495, 1103, 2),
(3492, 114, 200, '2021-03-13 12:29:12.000000', 'card', 'accharger', '2021-03-13 12:29:12.000000', 'fda95cb7-d391-4344-851e-a1b5a548b42b', 503, 1097, 1),
(3493, 6.84, 12, '2021-03-13 12:36:48.000000', 'card', 'accharger', '2021-03-13 12:36:48.000000', 'fda95cb7-d391-4344-851e-a1b5a548b42b', 480, 1097, 1),
(3574, 2.85, 5, '2021-03-14 14:21:41.000000', 'card', 'accharger', '2021-03-14 13:21:41.000000', '41c9d96c-6a19-4db0-ba3a-931ab99c6f15', 762, 1097, 1),
(3578, 100, 500, '2020-12-02 19:30:15.000000', 'card', 'one', '2020-12-02 16:45:22.000000', '059c028d-b2a6-4a8d-947a-158c7537b290', 480, 1097, 1),
(3579, 0, 0, '2020-12-02 19:30:22.000000', 'card', 'two', '2020-12-02 16:45:28.000000', '0a663bbf-3b87-4e7a-bd7a-3e9c39961a2b', 480, 1097, 1),
(3580, 0, 0, '2020-12-02 19:30:29.000000', 'card', 'two', '2020-12-02 16:45:34.000000', '0a663bbf-3b87-4e7a-bd7a-3e9c39961a2b', 480, 1097, 1),
(3581, 48.2, 82, '2020-12-02 19:30:36.000000', 'card', 'one', '2020-12-02 16:45:40.000000', '0ec3f440-136c-49f1-8917-c629a27146c7', 480, 1099, 1),
(3582, 6.84, 12, '2020-12-02 19:30:43.000000', 'card', 'two', '2020-12-02 16:45:46.000000', '1c13fba9-2c09-4be1-b5c6-aecd2b253afb', 495, 1099, 1),
(3583, 0.57, 1, '2020-12-02 19:30:50.000000', 'card', 'two', '2020-12-02 16:45:52.000000', '1e8c0cc5-20db-491f-9242-12cf3bc7b962', 495, 1099, 1),
(3584, 300.2, 502, '2020-12-02 19:30:57.000000', 'card', 'one', '2020-12-02 16:45:58.000000', '059c028d-b2a6-4a8d-947a-158c7537b290', 495, 1099, 1),
(3585, 6.22, 12, '2020-12-02 19:30:43.000000', 'card', 'two', '2020-12-02 16:45:46.000000', '1c13fba9-2c09-4be1-b5c6-aecd2b253afb', 495, 1103, 2),
(3586, 0.5, 1, '2020-12-02 19:30:50.000000', 'card', 'two', '2020-12-02 16:45:52.000000', '1e8c0cc5-20db-491f-9242-12cf3bc7b962', 495, 1103, 2),
(3587, 319.43, 502, '2020-12-02 19:30:57.000000', 'card', 'one', '2020-12-02 16:45:58.000000', '059c028d-b2a6-4a8d-947a-158c7537b290', 495, 1103, 2);

-- --------------------------------------------------------

--
-- Table structure for table `user`
--

CREATE TABLE `user` (
  `id` bigint NOT NULL,
  `is_logged_in` bit(1) NOT NULL,
  `password` varchar(255) DEFAULT NULL,
  `role` varchar(255) DEFAULT NULL,
  `username` varchar(255) DEFAULT NULL
) ENGINE=InnoDB DEFAULT CHARSET=utf8mb4 COLLATE=utf8mb4_0900_ai_ci;

--
-- Dumping data for table `user`
--

INSERT INTO `user` (`id`, `is_logged_in`, `password`, `role`, `username`) VALUES
(1, b'1', '$2a$10$34WxG4II/U1PBUbU0VkZEOjtOBri6LcbliDCJMEoa2sNPjcWdMZX.', 'ROLE_ADMIN', 'admin'),
(2, b'0', '$2a$10$9k25v.korZpS1JIxLXrloOG0g7YTMGxE2iWogJB.uugp41UQnctmW', 'ROLE_USER', 'john');

-- --------------------------------------------------------

--
-- Table structure for table `user_cars`
--

CREATE TABLE `user_cars` (
  `user_id` bigint NOT NULL,
  `cars_id` varchar(255) NOT NULL
) ENGINE=InnoDB DEFAULT CHARSET=utf8mb4 COLLATE=utf8mb4_0900_ai_ci;

--
-- Dumping data for table `user_cars`
--

INSERT INTO `user_cars` (`user_id`, `cars_id`) VALUES
(2, '0a663bbf-3b87-4e7a-bd7a-3e9c39961a2b'),
(1, '41c9d96c-6a19-4db0-ba3a-931ab99c6f15'),
(2, '4df1d4d6-f001-4d0a-b284-5ffc07e6ade2'),
(1, '7ba60564-7eda-457b-b7d5-46dd1b15cc0e'),
(1, '7f4bf402-f8e2-47da-b456-30f1bdfce8ac'),
(1, 'de7bac96-33ed-44f2-964e-21a4878e9f00'),
(1, 'fda95cb7-d391-4344-851e-a1b5a548b42b');

--
-- Indexes for dumped tables
--

--
-- Indexes for table `ac_charger`
--
ALTER TABLE `ac_charger`
  ADD PRIMARY KEY (`id`);

--
-- Indexes for table `address`
--
ALTER TABLE `address`
  ADD PRIMARY KEY (`id`);

--
-- Indexes for table `brand`
--
ALTER TABLE `brand`
  ADD PRIMARY KEY (`id`);

--
-- Indexes for table `car`
--
ALTER TABLE `car`
  ADD PRIMARY KEY (`id`),
  ADD KEY `FKj160ki00yxvtftkhonlv3x25m` (`ac_charger_id`),
  ADD KEY `FKj1mws2ruu9q6k2sa4pwlxthxn` (`brand_id`),
  ADD KEY `FK13x58hsrp58igff76f6wuxuv3` (`dc_charger_id`);

--
-- Indexes for table `charging_curve_point`
--
ALTER TABLE `charging_curve_point`
  ADD PRIMARY KEY (`id`);

--
-- Indexes for table `charging_point`
--
ALTER TABLE `charging_point`
  ADD PRIMARY KEY (`id`),
  ADD KEY `FKlkcbwgnded6fvhiaw17puvtqf` (`operator_id`);

--
-- Indexes for table `charging_station`
--
ALTER TABLE `charging_station`
  ADD PRIMARY KEY (`id`),
  ADD KEY `FK3m858q4qja8bwac6yg9tdeh7h` (`address_id`),
  ADD KEY `FK1y2iil4jg5t7grj295ro9ptk` (`operator_id`);

--
-- Indexes for table `charging_station_charging_points`
--
ALTER TABLE `charging_station_charging_points`
  ADD PRIMARY KEY (`charging_station_id`,`charging_points_id`),
  ADD UNIQUE KEY `UK_dis0fda1fig392gn2bkijrx2t` (`charging_points_id`);

--
-- Indexes for table `dc_charger`
--
ALTER TABLE `dc_charger`
  ADD PRIMARY KEY (`id`);

--
-- Indexes for table `dc_charger_charging_curve`
--
ALTER TABLE `dc_charger_charging_curve`
  ADD PRIMARY KEY (`dc_charger_id`,`charging_curve_id`),
  ADD UNIQUE KEY `UK_f4auklsbl6rk6mtaqy70aymuu` (`charging_curve_id`);

--
-- Indexes for table `energy_provider`
--
ALTER TABLE `energy_provider`
  ADD PRIMARY KEY (`id`);

--
-- Indexes for table `operator`
--
ALTER TABLE `operator`
  ADD PRIMARY KEY (`id`),
  ADD UNIQUE KEY `UK_a24x4vr7eebrw47ptwx6lmp55` (`name`);

--
-- Indexes for table `session`
--
ALTER TABLE `session`
  ADD PRIMARY KEY (`id`),
  ADD KEY `FK4jh5cpc0fdtyx27fc17vqmji6` (`car_id`),
  ADD KEY `FKj3pys2pthtooc87ovqlxg95i7` (`charging_point_id`),
  ADD KEY `FK1kw0isgx0ls4f5q2pi1kscv5f` (`energy_provider_id`),
  ADD KEY `FK1bi1pmqjgipw7dx3j6bl37dja` (`user_id`);

--
-- Indexes for table `user`
--
ALTER TABLE `user`
  ADD PRIMARY KEY (`id`),
  ADD UNIQUE KEY `UK_sb8bbouer5wak8vyiiy4pf2bx` (`username`);

--
-- Indexes for table `user_cars`
--
ALTER TABLE `user_cars`
  ADD PRIMARY KEY (`user_id`,`cars_id`),
  ADD KEY `FKdi9ggmi816b2uxxewj0a6ddlc` (`cars_id`);

--
-- Constraints for dumped tables
--

--
-- Constraints for table `car`
--
ALTER TABLE `car`
  ADD CONSTRAINT `FK13x58hsrp58igff76f6wuxuv3` FOREIGN KEY (`dc_charger_id`) REFERENCES `dc_charger` (`id`),
  ADD CONSTRAINT `FKj160ki00yxvtftkhonlv3x25m` FOREIGN KEY (`ac_charger_id`) REFERENCES `ac_charger` (`id`),
  ADD CONSTRAINT `FKj1mws2ruu9q6k2sa4pwlxthxn` FOREIGN KEY (`brand_id`) REFERENCES `brand` (`id`);

--
-- Constraints for table `charging_point`
--
ALTER TABLE `charging_point`
  ADD CONSTRAINT `FKlkcbwgnded6fvhiaw17puvtqf` FOREIGN KEY (`operator_id`) REFERENCES `operator` (`id`);

--
-- Constraints for table `charging_station`
--
ALTER TABLE `charging_station`
  ADD CONSTRAINT `FK1y2iil4jg5t7grj295ro9ptk` FOREIGN KEY (`operator_id`) REFERENCES `operator` (`id`),
  ADD CONSTRAINT `FK3m858q4qja8bwac6yg9tdeh7h` FOREIGN KEY (`address_id`) REFERENCES `address` (`id`);

--
-- Constraints for table `charging_station_charging_points`
--
ALTER TABLE `charging_station_charging_points`
  ADD CONSTRAINT `FKcsaxpu2rc15qhl0qo1h0pytw7` FOREIGN KEY (`charging_points_id`) REFERENCES `charging_point` (`id`),
  ADD CONSTRAINT `FKrj55l5wdahls45jhfr13v6791` FOREIGN KEY (`charging_station_id`) REFERENCES `charging_station` (`id`);

--
-- Constraints for table `dc_charger_charging_curve`
--
ALTER TABLE `dc_charger_charging_curve`
  ADD CONSTRAINT `FK3xch5fs7et5nghtsajv5ynoxj` FOREIGN KEY (`dc_charger_id`) REFERENCES `dc_charger` (`id`),
  ADD CONSTRAINT `FKm844pwt9sd1mujajwedffdv8n` FOREIGN KEY (`charging_curve_id`) REFERENCES `charging_curve_point` (`id`);

--
-- Constraints for table `session`
--
ALTER TABLE `session`
  ADD CONSTRAINT `FK1bi1pmqjgipw7dx3j6bl37dja` FOREIGN KEY (`user_id`) REFERENCES `user` (`id`),
  ADD CONSTRAINT `FK1kw0isgx0ls4f5q2pi1kscv5f` FOREIGN KEY (`energy_provider_id`) REFERENCES `energy_provider` (`id`),
  ADD CONSTRAINT `FK4jh5cpc0fdtyx27fc17vqmji6` FOREIGN KEY (`car_id`) REFERENCES `car` (`id`),
  ADD CONSTRAINT `FKj3pys2pthtooc87ovqlxg95i7` FOREIGN KEY (`charging_point_id`) REFERENCES `charging_point` (`id`);

--
-- Constraints for table `user_cars`
--
ALTER TABLE `user_cars`
  ADD CONSTRAINT `FKdi9ggmi816b2uxxewj0a6ddlc` FOREIGN KEY (`cars_id`) REFERENCES `car` (`id`),
  ADD CONSTRAINT `FKict353ixms2nyhklyivqxpydy` FOREIGN KEY (`user_id`) REFERENCES `user` (`id`);
COMMIT;

/*!40101 SET CHARACTER_SET_CLIENT=@OLD_CHARACTER_SET_CLIENT */;
/*!40101 SET CHARACTER_SET_RESULTS=@OLD_CHARACTER_SET_RESULTS */;
/*!40101 SET COLLATION_CONNECTION=@OLD_COLLATION_CONNECTION */;
